Country Name,Country Code,Series Name,Series Code,2000 [YR2000],2001 [YR2001],2002 [YR2002],2003 [YR2003],2004 [YR2004],2005 [YR2005],2006 [YR2006],2007 [YR2007],2008 [YR2008],2009 [YR2009],2010 [YR2010],2011 [YR2011]
Sub-Saharan Africa,SSF,GDP growth (annual %),NY.GDP.MKTP.KD.ZG,3.43679300853846,4.2135192182343,6.39348834856037,4.12072590578165,6.68448764056897,6.00952996907236,6.04946351604032,6.15965789735048,5.20016102666739,3.14726802642645,6.06650061092895,4.29214102609687
Sub-Saharan Africa,SSF,GDP per capita (current US$),NY.GDP.PCAP.CD,629.85955320409,587.710901869404,625.805568583085,766.914712241418,926.94326619829,1074.12476310665,1234.75609892112,1391.26803582887,1537.38333094262,1427.57787495772,1643.30753523371,1796.16109829226
Sub-Saharan Africa,SSF,Population growth (annual %),SP.POP.GROW,2.65643197482242,2.67360374506944,2.68951353581012,2.69789014792803,2.71644521907161,2.73136562485226,2.73357282064004,2.74614036754918,2.7676283324021,2.7624245378099,2.75878191547823,2.74118426364775
Sub-Saharan Africa,SSF,Population density (people per sq. km of land area),EN.POP.DNST,32.0491625054122,32.9175875063926,33.8149233729561,34.7396305637423,35.4482929714408,36.4297825401275,37.4393667992787,38.4816677407068,39.5616425246272,40.6696761279706,41.8059392106961,42.967266081547
Sub-Saharan Africa,SSF,Urban population (% of total population),SP.URB.TOTL.IN.ZS,32.6603636070495,33.1245713984468,33.6030328842218,34.098059763338,34.6111490644491,35.1252647556364,35.6421605036882,36.1012589693212,36.6233967078065,37.0894274944778,37.5326696254384,37.9761873273848
Sub-Saharan Africa,SSF,"Fertility rate, total (births per woman)",SP.DYN.TFRT.IN,5.73806284105071,5.69649079369501,5.651794490577,5.61346001677165,5.58679066293546,5.55886459039657,5.52194469862556,5.47623519277637,5.44582414929526,5.38594110751952,5.3249188067387,5.25463649244861
Sub-Saharan Africa,SSF,"Population, total",SP.POP.TOTL,680768792,699215347,718276009,737918076,758237956,779233636,800828364,823124982,846224198,869926373,894259855,919112234
Sub-Saharan Africa,SSF,"Life expectancy at birth, total (years)",SP.DYN.LE00.IN,51.6437803457957,51.9857897497051,52.3560404373729,52.8261333445824,53.3453281368772,53.8922539208949,54.589354695264,55.2628174960913,55.8870079518376,56.367784162949,57.107097844285,57.4734640185534
Sub-Saharan Africa,SSF,Mobile cellular subscriptions (per 100 people),IT.CEL.SETS.P2,1.72076740866635,2.49660398851137,3.58014716477979,4.9578340282572,7.38870510824264,11.9905095836555,17.6782496829208,23.0558320274898,31.6966758556946,37.4114164834,44.0939840180983,52.1634151225671
Sub-Saharan Africa,SSF,"Agriculture, forestry, and fishing, value added (annual % growth)",NV.AGR.TOTL.KD.ZG,0.203031890446283,4.56146881909606,14.8848390765,4.40245753327955,3.38893475251642,5.36945201545831,5.34993231520014,4.01117772379442,5.18341091327595,3.94573444698372,5.24389605811952,1.62910795227316
Cameroon,CMR,GDP growth (annual %),NY.GDP.MKTP.KD.ZG,3.83241779430614,4.32426119221549,4.47702683369155,5.45315368881347,7.04886281858374,2.22827020924117,3.80958327566137,4.32758900972871,2.8476778892105,2.57925177738754,2.89902472122014,3.37921128506045
Cameroon,CMR,GDP per capita (current US$),NY.GDP.PCAP.CD,708.565731625965,715.470296470585,789.623811072554,988.241276791846,1133.39326749673,1142.62466252106,1191.45458990968,1325.67248215933,1492.14269801453,1461.38999232337,1398.58702025047,1513.96056994878
Cameroon,CMR,Population growth (annual %),SP.POP.GROW,2.63276307164066,2.62643255915311,2.68124815756453,2.72747133462562,2.74741504067453,2.75573848394242,2.74855128044116,2.80627824632764,2.86258453269924,2.86539222671372,2.85766146651935,2.82842297078772
Cameroon,CMR,Population density (people per sq. km of land area),EN.POP.DNST,31.5471028749127,32.3866429734933,33.2667555160669,34.1865837405598,35.1388525734594,36.1206532546381,37.1272175329483,38.1838674874659,39.2927080027924,40.4348839669142,41.607044488164,42.8006684859639
Cameroon,CMR,Urban population (% of total population),SP.URB.TOTL.IN.ZS,46.2449829402599,46.7627509050978,47.2589242513436,47.7325523560061,48.1826845960942,48.5837852394685,49.2044173412861,49.7027028593758,50.0858325268669,50.4714131335678,50.8505075371362,51.2229843034125
Cameroon,CMR,"Fertility rate, total (births per woman)",SP.DYN.TFRT.IN,5.514,5.441,5.435,5.432,5.436,5.421,5.369,5.343,5.294,5.236,5.154,5.052
Cameroon,CMR,"Population, total",SP.POP.TOTL,14912631,15309490,15725528,16160340,16610487,17074594,17550407,18049896,18574056,19113974,19668066,20232304
Cameroon,CMR,"Life expectancy at birth, total (years)",SP.DYN.LE00.IN,53.338,53.598,53.922,54.253,54.578,54.904,55.301,55.71,56.116,56.486,56.965,57.482
Cameroon,CMR,Mobile cellular subscriptions (per 100 people),IT.CEL.SETS.P2,0.692560554874589,2.72572763691018,4.4609440140897,6.66446374271828,9.2162740321822,13.1921614065904,17.8682237967473,25.1303387011205,33.1693465336812,41.8757501710529,43.9120552066482,51.831042080032
Cameroon,CMR,"Agriculture, forestry, and fishing, value added (annual % growth)",NV.AGR.TOTL.KD.ZG,1.78418633703173,3.3833179286475,2.51257561086129,3.19826669944932,8.31863928525335,-4.95846825571726,0.00958363930627115,5.3863612369623,3.63591500258271,2.560605186766,5.01946992771619,2.9223101920052
Angola,AGO,GDP growth (annual %),NY.GDP.MKTP.KD.ZG,3.05462423452938,4.20599855694861,13.6656887610553,3.48731240097521,11.4198633904585,14.1547775343954,11.8418178757042,13.0026889457976,10.7866360496581,1.99558909788963,5.29366572819954,3.59386960240222
Angola,AGO,GDP per capita (current US$),NY.GDP.PCAP.CD,563.733795571487,533.586202412447,999.065855956628,1133.66331960414,1451.47117870872,2145.88621098663,2930.44428606516,3515.05678985496,4578.15526451058,3645.14846565169,4101.63715564669,5184.15269151846
Angola,AGO,Population growth (annual %),SP.POP.GROW,3.31228746945312,3.35370941359163,3.40747615681454,3.49334277776736,3.59445752400652,3.64626893356444,3.68489201610335,3.74258021023639,3.77828976645524,3.80156187494836,3.85109824897149,3.8879459971363
Angola,AGO,Population density (people per sq. km of land area),EN.POP.DNST,12.9901892997513,13.4332301275367,13.8988521697281,14.392967032967,14.9197264779017,15.4737795780861,16.0546073634395,16.6668492821048,17.3086187535093,17.9792837089917,18.6851888986925,19.4259661506377
Angola,AGO,Urban population (% of total population),SP.URB.TOTL.IN.ZS,50.5070653484197,51.7224790407329,52.8926234794038,54.0043545370761,55.0445280863936,56,56.8939032662772,57.7564632930133,58.5851745819614,59.3775316348744,60.1310289535053,60.8431610396073
Angola,AGO,"Fertility rate, total (births per woman)",SP.DYN.TFRT.IN,6.639,6.601,6.567,6.533,6.499,6.461,6.419,6.372,6.32,6.26,6.194,6.12
Angola,AGO,"Population, total",SP.POP.TOTL,16194869,16747208,17327699,17943712,18600423,19291161,20015279,20778561,21578655,22414773,23294825,24218352
Angola,AGO,"Life expectancy at birth, total (years)",SP.DYN.LE00.IN,46.501,47.032,47.874,50.218,51.123,52.13,52.965,54.2,55.281,56.225,57.242,58.093
Angola,AGO,Mobile cellular subscriptions (per 100 people),IT.CEL.SETS.P2,0.159346765941731,0.447835842249048,0.807954939660482,1.95054401229801,3.97840414704547,8.35158651156351,15.2614410221311,23.8781501760396,31.3891482115081,36.1789120059347,40.3667552771914,49.8515258181069
Angola,AGO,"Agriculture, forestry, and fishing, value added (annual % growth)",NV.AGR.TOTL.KD.ZG,..,..,..,8.32574864839752,9.40307226813934,4.36907882148208,14.1555849458284,5.5730999555804,5.66530563028709,5.30908351522372,10.7986128790441,7.57745744720822
Benin,BEN,GDP growth (annual %),NY.GDP.MKTP.KD.ZG,5.85771420543269,5.33313570603937,4.64303087074482,3.44357677591658,4.42968455385082,1.71316456361184,3.94373882815798,5.98634932177609,4.89657708429647,2.31929213912838,2.11406472648392,2.96375291904201
Benin,BEN,GDP per capita (current US$),NY.GDP.PCAP.CD,487.424141384242,492.401499509072,546.463829658159,676.002878084282,758.695803786371,779.437777753268,809.147072506221,912.338247188342,1060.60254502099,1024.10277858112,973.244254931526,1059.41358852588
Benin,BEN,Population growth (annual %),SP.POP.GROW,3.07665265205002,3.05435506649292,3.04010801597376,3.04920259714654,3.06173106096489,3.22061199704122,3.12066888297415,2.95509554727715,3.01959398464251,2.99903642214246,2.98424162798508,2.97782202797765
Benin,BEN,Population density (people per sq. km of land area),EN.POP.DNST,64.0441557289819,66.0304717985101,68.0686945725434,70.1762149698475,72.3580525008868,74.7263568641362,77.0950869102519,79.4073164242639,81.8416637105357,84.3333008158922,86.8879389854558,89.5142160340546
Benin,BEN,Urban population (% of total population),SP.URB.TOTL.IN.ZS,38.2759517258875,38.6186257669218,39.0035069872981,39.4169696013044,39.8525699078742,40.3097749006517,40.7877794072449,41.2857782552618,41.8029662723105,42.338538285999,42.8916891239353,43.4616136137276
Benin,BEN,"Fertility rate, total (births per woman)",SP.DYN.TFRT.IN,5.937,5.848,5.793,5.763,5.718,5.692,5.673,5.627,5.548,5.491,5.452,5.436
Benin,BEN,"Population, total",SP.POP.TOTL,7221619,7445596,7675426,7913070,8159094,8426144,8693242,8953969,9228466,9509423,9797484,10093623
Benin,BEN,"Life expectancy at birth, total (years)",SP.DYN.LE00.IN,56.594,56.654,56.851,57.092,57.346,57.738,57.966,58.249,58.099,58.258,58.387,58.462
Benin,BEN,Mobile cellular subscriptions (per 100 people),IT.CEL.SETS.P2,0.768193392645056,1.67884478287568,2.85026524912103,2.98461911748538,5.62957112640203,7.07639223825275,12.1442265152632,22.9147096667411,39.2846004959004,52.9301199452375,72.2115392074128,76.9318013957922
Benin,BEN,"Agriculture, forestry, and fishing, value added (annual % growth)",NV.AGR.TOTL.KD.ZG,4.57004130093783,8.74080530160822,3.03734506546425,1.77398855972031,7.11810303970704,1.42664630270095,7.06770560761234,6.03157949139927,2.0955690772555,7.78235248326875,-0.833877855761799,0.951894910868916
Botswana,BWA,GDP growth (annual %),NY.GDP.MKTP.KD.ZG,1.98769583378552,0.250573949689084,6.06953087648317,4.62589474959299,2.70582170611173,4.55664565323181,8.36387109282306,5.79255577727118,3.25207295796832,-14.1442346163423,10.119723322694,6.83841052493574
Botswana,BWA,GDP per capita (current US$),NY.GDP.PCAP.CD,3450.81180622992,3206.07123689853,3117.25087183011,4230.12326909926,4956.69287735214,5391.07076619634,5291.58379144849,5529.12574632532,5503.07395314313,5082.93388332404,6215.73216077919,7287.38295334919
Botswana,BWA,Population growth (annual %),SP.POP.GROW,2.13210606291764,2.05763865830609,1.88080986109573,1.75962550604573,1.75338203751141,1.79499163132533,1.86517712065057,1.9381347493906,2.0082147581123,2.06587846755776,2.10943597528371,1.96877479635498
Botswana,BWA,Population density (people per sq. km of land area),EN.POP.DNST,2.95975508619625,3.02128703262577,3.07864944506202,3.13330157217723,3.18872478958234,3.24647892294391,3.30759973885272,3.37233073950558,3.44073897623207,3.51255977273128,3.58744199177739,3.65877049035696
Botswana,BWA,Urban population (% of total population),SP.URB.TOTL.IN.ZS,53.2047727398794,54.0489894446035,55.0142988603802,56.0979233496432,57.2582489329358,58.4535554684584,59.6421228144112,60.7822308289942,61.8321593704079,62.7501882968523,63.4945974665277,64.0187810722889
Botswana,BWA,"Fertility rate, total (births per woman)",SP.DYN.TFRT.IN,3.294,3.248,3.175,3.106,3.063,3.082,3.114,3.127,3.131,3.133,3.135,3.103
Botswana,BWA,"Population, total",SP.POP.TOTL,1677382,1712254,1744763,1775736,1807146,1839877,1874516,1911201,1949970,1990673,2033111,2073535
Botswana,BWA,"Life expectancy at birth, total (years)",SP.DYN.LE00.IN,52.263,52.21,52.373,52.851,53.573,54.386,55.112,56.735,57.661,58.297,59.137,59.715
Botswana,BWA,Mobile cellular subscriptions (per 100 people),IT.CEL.SETS.P2,13.2462372912074,19.4050649027539,19.0435033296786,25.0587925232129,28.9318073913231,30.6423744630755,43.9084008885494,60.2637294559808,76.195582496141,94.1440909682303,116.2460387062,139.870462760455
Botswana,BWA,"Agriculture, forestry, and fishing, value added (annual % growth)",NV.AGR.TOTL.KD.ZG,-13.8145211808548,11.1890177383056,-20.4851980511192,20.1250010555977,0.472496263915858,-2.5030754202272,13.3276670430023,12.2351169856158,1.97385612130216,6.37237432858215,5.81676403929592,0.175046861386093
Burkina Faso,BFA,GDP growth (annual %),NY.GDP.MKTP.KD.ZG,1.88847388906525,6.61340574539679,4.35296382988099,7.80249388870359,4.47845213670386,8.66187322841225,6.25316468817478,4.11137901761516,5.79999174105387,2.96195085866692,8.44628157707625,6.62256261306693
Burkina Faso,BFA,GDP per capita (current US$),NY.GDP.PCAP.CD,248.908526921752,259.485223380436,285.654087637533,362.373899996953,403.81283743461,441.164148016012,455.513655620024,514.684451177238,619.437533256264,601.569520671859,624.957252224766,725.024767725475
Burkina Faso,BFA,Population growth (annual %),SP.POP.GROW,2.98414422391968,3.05099351122556,3.09039308299234,3.11812174449527,3.14512608695879,3.14680149143287,3.12034537509581,3.03277637197036,2.93816522811728,2.91916025918168,2.92577947499021,2.95657078370668
Burkina Faso,BFA,Population density (people per sq. km of land area),EN.POP.DNST,43.5875219298246,44.9378691520468,46.348307748538,47.8162719298246,49.3440533625731,50.9215021929825,52.5354788011696,54.1531688596491,55.7678837719298,57.419831871345,59.1246271929825,60.8987865497076
Burkina Faso,BFA,Urban population (% of total population),SP.URB.TOTL.IN.ZS,18.0003503329444,18.8591452143893,19.725053583448,20.563327262892,21.3392180754924,22.0179778440204,22.5528306908743,22.9741760828193,23.3633747838557,23.7452325601116,24.115092498158,24.4682976845657
Burkina Faso,BFA,"Fertility rate, total (births per woman)",SP.DYN.TFRT.IN,6.519,6.431,6.339,6.28,6.216,6.182,6.17,6.11,6.05,5.992,5.936,5.869
Burkina Faso,BFA,"Population, total",SP.POP.TOTL,11925546,12295001,12680897,13082532,13500533,13932123,14373707,14816307,15258093,15710066,16176498,16661908
Burkina Faso,BFA,"Life expectancy at birth, total (years)",SP.DYN.LE00.IN,50.808,51.188,51.447,51.959,52.6,53.271,53.784,54.377,55.199,55.791,56.343,57.001
Burkina Faso,BFA,Mobile cellular subscriptions (per 100 people),IT.CEL.SETS.P2,0.211688420806896,0.619650213936542,0.875434916000028,1.81993821991034,2.93276569154714,4.54743329498311,7.07267095398563,12.5404933901545,19.819973570747,24.3386946942171,35.2848311173407,46.1057641177709
Burkina Faso,BFA,"Agriculture, forestry, and fishing, value added (annual % growth)",NV.AGR.TOTL.KD.ZG,-5.1834511319432,8.12915815569414,-0.885983378871842,9.26310449400094,-5.1727727005991,12.210967419452,1.64628830904114,-5.14212620611141,16.1329300194841,-10.3281916875558,14.5667757607862,-2.25892358307772
Burundi,BDI,GDP growth (annual %),NY.GDP.MKTP.KD.ZG,-0.856864058424151,2.05580710835243,4.44651941224797,-1.22372796023444,4.83365776809453,0.900000000901912,5.41380714491444,3.44449364663615,4.90874190813545,3.7870758305051,5.09373697323055,4.02442793864228
Burundi,BDI,GDP per capita (current US$),NY.GDP.PCAP.CD,134.537861752389,132.159554541932,120.952308575468,111.406682804391,125.194965184533,147.234619294225,161.892755640319,166.162744906755,189.502074570768,198.431524048225,216.727705301976,230.069761381132
Burundi,BDI,Population growth (annual %),SP.POP.GROW,2.07761630416467,2.50568660000274,2.82021948884885,3.15909277106132,3.72769286109058,3.71426552783148,3.6016417629351,3.69817167466282,4.12553206908571,5.06613607694958,4.68101057302388,3.57769854786004
Burundi,BDI,Population density (people per sq. km of land area),EN.POP.DNST,251.954595015576,258.347546728972,265.73722741433,274.266121495327,284.682866043614,295.455568535826,306.290771028037,317.829984423676,331.216394080997,348.428582554517,365.126323987539,378.425934579439
Burundi,BDI,Urban population (% of total population),SP.URB.TOTL.IN.ZS,8.04381449833197,8.24107308668089,8.45108277415092,8.67614339385788,8.9185547789176,9.1806167624459,9.4646291775586,9.77289185737152,10.1064353383035,10.4979900434482,10.9843097335487,11.5616652230006
Burundi,BDI,"Fertility rate, total (births per woman)",SP.DYN.TFRT.IN,6.872,6.849,6.819,6.785,6.746,6.708,6.659,6.588,6.515,6.409,6.26,6.108
Burundi,BDI,"Population, total",SP.POP.TOTL,6470194,6634365,6824132,7043154,7310656,7587299,7865547,8161874,8505637,8947646,9376444,9717978
Burundi,BDI,"Life expectancy at birth, total (years)",SP.DYN.LE00.IN,47.617,48.509,49.924,50.997,52.217,53.053,53.962,54.832,55.581,56.422,57.088,57.804
Burundi,BDI,Mobile cellular subscriptions (per 100 people),IT.CEL.SETS.P2,0.252233549720457,0.503680457737854,0.76200167288675,0.908683808418785,1.37552635495365,2.01652788429717,2.54273479009152,3.30806380985543,5.65018234377978,10.2904048729688,17.8962195049637,19.7014852266593
Burundi,BDI,"Agriculture, forestry, and fishing, value added (annual % growth)",NV.AGR.TOTL.KD.ZG,-5.17865009221056,-3.44293818743296,4.23438838819908,-3.51382614318109,-0.239338316140774,-6.56040697480559,3.18917221327335,-9.11218669310897,0.253846585925444,-0.69410175130858,1.03052739393097,-1.57545088824502
Cabo Verde,CPV,GDP growth (annual %),NY.GDP.MKTP.KD.ZG,14.2848688450919,2.23165454528898,5.25089116960211,4.17625932578332,10.197072633926,6.91245795720201,7.98375044795048,15.1706879735517,7.03901129565128,-1.50358672385678,1.83641914989978,3.92471821338283
Cabo Verde,CPV,GDP per capita (current US$),NY.GDP.PCAP.CD,1189.51479345891,1223.33055331575,1328.57874270666,1717.97565369655,1929.49081468781,2004.14680417563,2256.99666191075,3324.57675212498,3908.64885822576,3659.72046361628,3579.46006137809,4002.01386888785
Cabo Verde,CPV,Population growth (annual %),SP.POP.GROW,1.51097073984668,1.52715832330257,1.45645106544752,1.34770321112892,1.25679558194683,1.19132344131983,1.15040265762577,1.10689150817132,1.03555151023311,0.950085360363308,0.717181999615317,0.325685661710053
Cabo Verde,CPV,Population density (people per sq. km of land area),EN.POP.DNST,112.485607940447,114.216625310174,115.892307692308,117.46476426799,118.950372208437,120.375930521092,121.768734491315,123.124069478908,124.40570719603,125.593300248139,126.497270471464,126.909925558313
Cabo Verde,CPV,Urban population (% of total population),SP.URB.TOTL.IN.ZS,53.9332149202283,54.7762172320995,55.5703407979481,56.3297071979641,57.0677167011018,57.7977695763157,58.5332660925599,59.287606518789,60.0741911239572,60.906420177019,61.7974262732302,62.7419929036884
Cabo Verde,CPV,"Fertility rate, total (births per woman)",SP.DYN.TFRT.IN,3.545,3.366,3.192,3.033,2.9,2.726,2.555,2.409,2.298,2.246,2.329,2.329
Cabo Verde,CPV,"Population, total",SP.POP.TOTL,453317,460293,467046,473383,479370,485115,490728,496190,501355,506141,509784,511447
Cabo Verde,CPV,"Life expectancy at birth, total (years)",SP.DYN.LE00.IN,68.117,68.707,69.447,70.006,70.499,70.936,71.341,71.487,71.888,72.142,72.507,72.913
Cabo Verde,CPV,Mobile cellular subscriptions (per 100 people),IT.CEL.SETS.P2,4.3521420992374,6.84498786642421,9.19588220432249,11.2682542465615,13.7221770240107,16.8456963812704,22.182960825549,30.6761522803765,55.3839096049705,57.4189800865767,72.9467774586884,77.511257275925
Cabo Verde,CPV,"Agriculture, forestry, and fishing, value added (annual % growth)",NV.AGR.TOTL.KD.ZG,9.58512162580341,-8.27088986797779,-3.29127007996003,1.98133099243844,6.06954903541799,-3.79033916167938,0.284388121038631,31.6556886854216,-1.52611444950873,15.9739324408127,-2.66943827501105,-1.07773353042612
Central African Republic,CAF,GDP growth (annual %),NY.GDP.MKTP.KD.ZG,-2.48943244028874,4.46473902640867,3.61654219150596,-5.39748521855877,5.99488422798696,0.908210514871953,4.77108543044105,4.60753485452025,2.05413096200485,8.58726042640994,4.63081843223307,4.19461533741989
Central African Republic,CAF,GDP per capita (current US$),NY.GDP.PCAP.CD,239.154133726071,237.951702544735,248.639290978403,278.403992150941,303.461321152782,311.950023138687,333.942519903031,380.887048839475,437.24827472489,456.471673898404,476.873786950728,534.057281471636
Central African Republic,CAF,Population growth (annual %),SP.POP.GROW,2.74955419856204,2.2204466205594,2.18516803355959,2.39269152862068,2.16355960798951,2.2634335589763,2.04865266623958,1.92738176317224,2.1330142206447,-0.65882495965577,-0.799202484181735,1.59035970102042
Central African Republic,CAF,Population density (people per sq. km of land area),EN.POP.DNST,6.15335323766413,6.29151337121577,6.43050659732255,6.58622427686282,6.73027384506726,6.88434620694083,7.02683713762882,7.16358470576905,7.31802626087515,7.26997174869177,7.21210151208707,7.32771678063501
Central African Republic,CAF,Urban population (% of total population),SP.URB.TOTL.IN.ZS,37.7014879765364,37.7560236207831,37.8169752995511,37.8863171931924,37.9626889392062,38.0448510426866,38.134433681123,38.2343339436079,38.3474489192338,38.476675697093,38.6244963104203,38.8030669465007
Central African Republic,CAF,"Fertility rate, total (births per woman)",SP.DYN.TFRT.IN,5.851,5.807,5.785,5.799,5.784,5.812,5.84,5.867,5.902,5.936,5.963,6.009
Central African Republic,CAF,"Population, total",SP.POP.TOTL,3833416,3919487,4006077,4103086,4192826,4288810,4377579,4462770,4558984,4529047,4492995,4565021
Central African Republic,CAF,"Life expectancy at birth, total (years)",SP.DYN.LE00.IN,46.609,46.734,46.84,47.306,47.696,48.207,48.687,49.327,49.873,14.665,46.871,50.107
Central African Republic,CAF,Mobile cellular subscriptions (per 100 people),IT.CEL.SETS.P2,0.129571118814133,0.280648972684436,0.31452216220507,0.974875983588938,1.43101573974212,2.33164910546282,2.51280445195849,7.61858666254367,12.5027857083947,19.0689343696367,21.7946380977499,21.7401847658532
Central African Republic,CAF,"Agriculture, forestry, and fishing, value added (annual % growth)",NV.AGR.TOTL.KD.ZG,..,..,..,..,..,..,..,..,..,..,2.96209691059998,3.66944978427716
Chad,TCD,GDP growth (annual %),NY.GDP.MKTP.KD.ZG,-0.879681024156014,11.6581346550771,8.4912098197177,14.7216670123589,33.6293718498522,17.3325337352162,-0.54282957080251,4.20017418353298,3.08119033854541,-1.40828262637592,13.6738272725339,4.49542967058827
Chad,TCD,GDP per capita (current US$),NY.GDP.PCAP.CD,163.121663683369,194.32295331156,219.061391951349,289.087621122168,445.850767157087,838.092107712557,906.897260572747,980.483531485103,1166.36883453841,1035.63719694254,1141.80069268412,1308.1421872538
Chad,TCD,Population growth (annual %),SP.POP.GROW,3.45886279310456,3.3732389780589,3.48319249588089,3.9958067889148,4.4546309402426,4.03110110056051,3.59763738193098,3.44475544445336,3.49922011538019,3.57296976276489,3.46077094768596,3.53020185416521
Chad,TCD,Population density (people per sq. km of land area),EN.POP.DNST,6.75992137865311,6.99183926302414,7.23966963151207,7.53481019695044,7.87804637865311,8.20210609911055,8.50256035578145,8.80055590851334,9.11395806861499,9.44548443456163,9.77809323379924,10.1294448856417
Chad,TCD,Urban population (% of total population),SP.URB.TOTL.IN.ZS,21.6527690760484,21.6780982595188,21.7007762031515,21.7207031172239,21.7377792120134,21.7519046977973,21.7629797848529,21.7709046834576,21.7755796038887,21.7784396568755,21.8472378191095,21.9558736797638
Chad,TCD,"Fertility rate, total (births per woman)",SP.DYN.TFRT.IN,7.249,7.231,7.201,7.179,7.16,7.134,7.118,7.092,7.063,7.021,6.99,6.948
Chad,TCD,"Population, total",SP.POP.TOTL,8512093,8804124,9116192,9487833,9920036,10328092,10706424,11081660,11476296,11893754,12312575,12754997
Chad,TCD,"Life expectancy at birth, total (years)",SP.DYN.LE00.IN,47.937,48.306,48.36,48.609,48.687,48.86,48.747,49.21,49.503,49.828,50.107,50.426
Chad,TCD,Mobile cellular subscriptions (per 100 people),IT.CEL.SETS.P2,0.0646139556980874,0.249882895788383,0.375156644353256,0.685087943685349,1.2399148551477,2.03328940137249,4.35334898001424,8.28716997272972,13.9417805187318,19.1808238172742,23.3525805934177,28.7390189115685
Chad,TCD,"Agriculture, forestry, and fishing, value added (annual % growth)",NV.AGR.TOTL.KD.ZG,..,..,..,..,..,..,2.85322166707753,6.45139922601665,1.48972953379804,-0.831754003706749,23.0045432449778,-7.45508329233687
Comoros,COM,GDP growth (annual %),NY.GDP.MKTP.KD.ZG,-1.00701887109655,5.41959971808741,4.59768263263243,1.93442812313498,3.10041210399676,5.66520240193151,-1.75444679449394,0.803599788247752,3.96461118871815,3.24074074074075,3.77776673684423,4.14350668765977
Comoros,COM,GDP per capita (current US$),NY.GDP.PCAP.CD,633.309032776244,681.163857619963,764.61349832543,959.691049354812,1072.28409029621,1105.78796866788,1138.47908404345,1289.73631056361,1455.02768595586,1410.30516959473,1386.57533553376,1531.43969320468
Comoros,COM,Population growth (annual %),SP.POP.GROW,1.91989444545768,2.05675116831034,2.11608023442771,1.92701943618421,1.89592485384757,2.04084019817184,2.0170547631074,1.99305922756432,1.98685114604965,1.98865318234701,1.98790768401212,1.99871797531046
Comoros,COM,Population density (people per sq. km of land area),EN.POP.DNST,288.060182697474,294.046211714132,300.334766254702,306.178398710371,312.038688876948,318.472326706072,324.961311123052,331.502955400322,338.155292853305,344.94734013971,351.873186458893,358.976894142934
Comoros,COM,Urban population (% of total population),SP.URB.TOTL.IN.ZS,28.0360512192055,27.9902886596605,27.9586267103537,27.9448864609618,27.9596300229124,28.016895208368,28.1143215973031,28.2493321448949,28.4193498063202,28.6217975367563,28.8540982913801,29.1136750253686
Comoros,COM,"Fertility rate, total (births per woman)",SP.DYN.TFRT.IN,5.227,5.195,5.155,5.115,5.065,5.012,4.934,4.859,4.805,4.778,4.755,4.722
Comoros,COM,"Population, total",SP.POP.TOTL,536080,547220,558923,569798,580704,592677,604753,616927,629307,641947,654836,668056
Comoros,COM,"Life expectancy at birth, total (years)",SP.DYN.LE00.IN,58.941,59.587,59.723,60.24,60.557,60.883,61.229,61.475,61.955,62.302,62.747,63.105
Comoros,COM,Mobile cellular subscriptions (per 100 people),IT.CEL.SETS.P2,0,0,0,0.351001583017139,1.44273158097757,2.61913318721665,6.09786144095193,10.0666691521039,14.578099401405,19.097526742862,25.2396019766781,32.3981821883195
Comoros,COM,"Agriculture, forestry, and fishing, value added (annual % growth)",NV.AGR.TOTL.KD.ZG,-1.00701887539304,5.41959974224586,4.59768257011741,1.93442824382967,3.10041204889635,5.66520244743639,-1.75444688787152,1.39480253684627,2.19688542825362,4.9546773633318,2.71069241546084,2.06639353527321
"Congo, Dem. Rep.",COD,GDP growth (annual %),NY.GDP.MKTP.KD.ZG,-6.91092731714194,-2.10017302429294,2.94776518253177,5.57782231227127,6.73837393320788,6.1351511550716,5.10894433184896,8.58332298445387,7.43333574200602,0.541570197421564,8.61867717510543,-0.403164081254445
"Congo, Dem. Rep.",COD,GDP per capita (current US$),NY.GDP.PCAP.CD,377.925421481395,142.678142604412,162.38052907429,161.491553524396,180.664764963633,214.539740473519,255.445229568751,294.101615124419,352.900363371995,280.178991035792,352.400398754692,372.514273875789
"Congo, Dem. Rep.",COD,Population growth (annual %),SP.POP.GROW,3.20780748301006,3.1670663452371,3.05620605844951,2.92124332432638,2.94457864295254,3.07172770424984,3.08284543640824,3.02531584938763,3.01581282864875,3.09097719189927,3.18751592835336,3.28016564590395
"Congo, Dem. Rep.",COD,Population density (people per sq. km of land area),EN.POP.DNST,22.2789272402461,22.995807767804,23.709456783044,24.4122833638429,25.1418102820846,25.9260819126177,26.7377905207208,27.5590533953817,28.4028424604662,29.2944769634547,30.2432844445425,31.2517637458371
"Congo, Dem. Rep.",COD,Urban population (% of total population),SP.URB.TOTL.IN.ZS,34.9008752617485,35.4153526820763,35.937064393184,36.4654627231369,37,37.4018738621901,37.8024827128113,38.201781337298,38.5997245210844,38.9962670496049,39.391363708294,39.7849692825859
"Congo, Dem. Rep.",COD,"Fertility rate, total (births per woman)",SP.DYN.TFRT.IN,6.702,6.663,6.606,6.549,6.53,6.526,6.547,6.559,6.58,6.591,6.587,6.582
"Congo, Dem. Rep.",COD,"Population, total",SP.POP.TOTL,50507442,52132646,53750524,55343867,56997741,58775724,60615908,62477752,64390664,66412044,68563038,70849311
"Congo, Dem. Rep.",COD,"Life expectancy at birth, total (years)",SP.DYN.LE00.IN,51.887,52.205,52.371,52.952,53.534,54.001,54.498,54.954,55.388,55.798,56.411,56.911
"Congo, Dem. Rep.",COD,Mobile cellular subscriptions (per 100 people),IT.CEL.SETS.P2,0.0296985937240694,0.287727578607846,1.04185030828723,2.25178518877259,3.49263315540874,4.672156824474,7.28434192555525,10.5509558026352,15.4333274152911,14.2422314241676,17.2401170438218,22.081904226281
"Congo, Dem. Rep.",COD,"Agriculture, forestry, and fishing, value added (annual % growth)",NV.AGR.TOTL.KD.ZG,-11.6998199293521,-1.50681655150112,-3.63445038124807,0.663586727915998,1.61048064121081,0.481645727428884,9.33203707576857,2.14187436380502,2.58105046089443,0.657487246578697,1.02195524212163,-41.3223051875379
"Congo, Rep.",COG,GDP growth (annual %),NY.GDP.MKTP.KD.ZG,7.5759803952642,3.80260189913561,4.58187006108889,0.813264076303781,3.47663162118089,7.75575897806648,7.98623836334291,-6.61399480441001,6.30637595585259,11.6372888615758,9.93126543095578,2.20591936286718
"Congo, Rep.",COG,GDP per capita (current US$),NY.GDP.PCAP.CD,1024.30159109181,854.598314408095,905.538135544704,1016.82363412143,1306.10136324599,1799.05158366154,2103.5821381211,2206.47101863414,2832.09177777643,2271.15219175966,2946.55798067708,3396.16505817952
"Congo, Rep.",COG,Population growth (annual %),SP.POP.GROW,3.83186610159414,3.77361792459761,2.36249435317099,2.79519896193446,3.41769832826944,3.60380377830421,3.74399199815897,3.65924543843284,3.28885266905607,3.99594017742806,4.14243050486562,3.25058981932031
"Congo, Rep.",COG,Population density (people per sq. km of land area),EN.POP.DNST,9.22795021961933,9.58283162518302,9.81192093704246,10.0900527086384,10.4408609077599,10.8239912152269,11.2369224011713,11.6557247437775,12.0454377745242,12.5365124450952,13.0667349926794,13.4984597364568
"Congo, Rep.",COG,Urban population (% of total population),SP.URB.TOTL.IN.ZS,58.8947380255871,59.4417859130405,59.9716066874511,60.4694583791889,60.9205990186239,61.310286636126,61.6237792620651,61.8502563370293,62.0354815675203,62.2172294650265,62.3922871058739,62.5597508130231
"Congo, Rep.",COG,"Fertility rate, total (births per woman)",SP.DYN.TFRT.IN,4.724,4.67,4.697,4.696,4.69,4.669,4.651,4.649,4.726,4.808,4.851,4.826
"Congo, Rep.",COG,"Population, total",SP.POP.TOTL,3151345,3272537,3350771,3445753,3565554,3696393,3837409,3980430,4113517,4281219,4462290,4609724
"Congo, Rep.",COG,"Life expectancy at birth, total (years)",SP.DYN.LE00.IN,55.371,55.885,56.414,57.131,57.957,58.73,59.474,60.05,60.79,61.215,61.731,62.286
"Congo, Rep.",COG,Mobile cellular subscriptions (per 100 people),IT.CEL.SETS.P2,2.22127377357922,4.58359981873391,6.61937207884394,9.57700682550374,10.7599828806407,15.1009916964998,23.9093357002081,32.3490426913675,43.9283464733463,68.8659935406248,83.3372102664775,84.2730931396327
"Congo, Rep.",COG,"Agriculture, forestry, and fishing, value added (annual % growth)",NV.AGR.TOTL.KD.ZG,4.3632075669322,8.02259885320804,8.57740584688065,6.26204239449639,4.80507704985588,4.41176471592601,1.39232167302868,-1.36713650460115,7.224849374239,0.525989117063403,3.87458567371657,4.98216185767039
Cote d'Ivoire,CIV,GDP growth (annual %),NY.GDP.MKTP.KD.ZG,-0.265789462275947,-2.15401249077306,-2.73052647441901,-4.72586658630681,3.18503822575397,0.996065564854788,2.81557859252327,1.10142976793477,4.7826659787672,3.60332156667053,6.84804939907013,-5.37044724000579
Cote d'Ivoire,CIV,GDP per capita (current US$),NY.GDP.PCAP.CD,936.636541348798,924.727294962066,967.815864415991,1111.17135087887,1199.82524528546,1197.74616979415,1230.43056838584,1367.53817722326,1583.97066701372,1540.45393569596,1553.54887048143,1596.62826565998
Cote d'Ivoire,CIV,Population growth (annual %),SP.POP.GROW,2.76729583954346,2.67539291726228,2.58396350857445,2.49227881118865,2.42497124712807,2.38748971138117,2.35559796287643,2.3271214491968,2.27477682329573,2.22245214914258,2.20359114199838,2.17265768049368
Cote d'Ivoire,CIV,Population density (people per sq. km of land area),EN.POP.DNST,55.6572452830189,57.166393081761,58.6628018867925,60.143213836478,61.6194968553459,63.108358490566,64.6125849056604,66.1338301886792,67.6554685534591,69.1759119496855,70.7171855345912,72.2704402515723
Cote d'Ivoire,CIV,Urban population (% of total population),SP.URB.TOTL.IN.ZS,43.0840065011913,43.4670149035012,43.859032147728,44.2593744150531,44.667357886658,45.082298743724,45.5035131674326,45.930317338965,46.3620274395029,46.7979596502274,47.2374301523201,47.6797551269623
Cote d'Ivoire,CIV,"Fertility rate, total (births per woman)",SP.DYN.TFRT.IN,5.773,5.704,5.641,5.572,5.527,5.499,5.448,5.403,5.357,5.332,5.292,5.244
Cote d'Ivoire,CIV,"Population, total",SP.POP.TOTL,17699004,18178913,18654771,19125542,19595000,20068458,20546802,21030558,21514439,21997940,22488065,22982000
Cote d'Ivoire,CIV,"Life expectancy at birth, total (years)",SP.DYN.LE00.IN,51.393,51.428,51.544,51.443,51.939,52.432,52.885,53.452,54.179,54.744,55.282,55.972
Cote d'Ivoire,CIV,Mobile cellular subscriptions (per 100 people),IT.CEL.SETS.P2,2.67219556535498,4.00763786041553,5.50560497365526,6.69625990207232,8.54468997193162,11.7071226897453,19.7861496888908,35.5088438452275,48.5675503786085,59.9342847557544,69.3658791896946,75.4688103733356
Cote d'Ivoire,CIV,"Agriculture, forestry, and fishing, value added (annual % growth)",NV.AGR.TOTL.KD.ZG,..,..,..,..,..,..,..,..,..,-2.94095767643114,-4.05042696648378,7.15593229001455
Equatorial Guinea,GNQ,GDP growth (annual %),NY.GDP.MKTP.KD.ZG,18.2137799569674,63.3798754250602,19.4628340359251,13.9552503163825,37.9987268556423,16.7487006053541,7.70491760658767,15.2821139194857,17.7991091333811,1.34335628806095,-8.92417588851806,6.52392362989873
Equatorial Guinea,GNQ,GDP per capita (current US$),NY.GDP.PCAP.CD,1487.3165506701,1948.61145907844,2264.21065580365,2930.60183743733,4901.30127408119,8673.9026086535,10184.8841248541,12616.9532942011,18210.5552970599,13232.5019378102,13720.1658723222,17198.2136668275
Equatorial Guinea,GNQ,Population growth (annual %),SP.POP.GROW,5.26428495953201,6.41008323195062,6.2200195333548,6.06631754137354,5.95846501494265,5.13840208613784,4.43647900593476,4.51135451899463,4.57370994415875,4.60787133294314,4.59586770504622,4.34060206449919
Equatorial Guinea,GNQ,Population density (people per sq. km of land area),EN.POP.DNST,25.0723351158645,26.7321212121212,28.4476648841355,30.2268092691622,32.0826024955437,33.7742245989305,35.3063458110517,36.935614973262,38.6641711229947,40.4874509803922,42.3916221033868,44.272192513369
Equatorial Guinea,GNQ,Urban population (% of total population),SP.URB.TOTL.IN.ZS,38.8154587133988,38.8638365386531,39.1969150391705,39.895902485648,40.9304009672368,42.2814597171299,43.9301279685204,45.8574549546013,48.0444899085658,50.4722820636069,53.1218806529176,55.9743349096911
Equatorial Guinea,GNQ,"Fertility rate, total (births per woman)",SP.DYN.TFRT.IN,5.834,5.785,5.731,5.675,5.618,5.559,5.498,5.433,5.363,5.288,5.209,5.126
Equatorial Guinea,GNQ,"Population, total",SP.POP.TOTL,703279,749836,797957,847862,899917,947367,990343,1036044,1084530,1135673,1189085,1241835
Equatorial Guinea,GNQ,"Life expectancy at birth, total (years)",SP.DYN.LE00.IN,53.395,53.827,54.324,54.791,55.307,55.766,56.354,56.857,57.384,57.881,58.344,58.827
Equatorial Guinea,GNQ,Mobile cellular subscriptions (per 100 people),IT.CEL.SETS.P2,0.710955396080361,2.00043742898447,4.01024115334536,4.89466446190536,6.87841212022887,10.2283486758563,12.1170140042389,14.4781495766589,16.5970512572266,17.6107030809045,33.579601121871,38.5606783509887
Equatorial Guinea,GNQ,"Agriculture, forestry, and fishing, value added (annual % growth)",NV.AGR.TOTL.KD.ZG,..,..,..,..,..,..,..,6.64252263502966,-21.1291191418601,-8.65020563911449,18.4981714750102,11.6437604586728
Eritrea,ERI,GDP growth (annual %),NY.GDP.MKTP.KD.ZG,-3.14198590251638,8.75543552816325,3.0054291917378,-2.65551592487554,1.45173556595506,2.57444955124846,-0.969217110711355,1.42682221120323,-9.78303001782456,3.8765015275421,2.19419034888082,8.67980010138049
Eritrea,ERI,GDP per capita (current US$),NY.GDP.PCAP.CD,314.357396753501,325.409161513593,304.775756465092,348.950327077742,426.840947887032,412.753079199423,447.997404727201,480.44762365456,490.066956003333,642.92572288007,539.699512069686,688.68165957684
Eritrea,ERI,Population growth (annual %),SP.POP.GROW,1.53601457156771,2.85373304958379,3.43914956264516,4.13103377544635,4.10022739741036,2.39315582930907,1.57651841967655,1.45851723438561,2.63004117479615,2.50908465799155,1.96475727107645,1.79351881087532
Eritrea,ERI,Population density (people per sq. km of land area),EN.POP.DNST,22.2478316831683,22.8918712871287,23.6928514851485,24.6921089108911,21.4765054072847,21.9889099906246,22.3422474247986,22.6651485964038,23.2643755206101,23.8530992984597,24.3272910774296,24.7626561652109
Eritrea,ERI,Urban population (% of total population),SP.URB.TOTL.IN.ZS,34.0983619689941,34.3253211975098,34.5420799255371,34.7451286315918,34.9324645996094,35.1022033691406,35.2525177001953,35.3820953369141,35.4897117614746,35.5742034912109,35.6346549987793,35.6706275939941
Eritrea,ERI,"Fertility rate, total (births per woman)",SP.DYN.TFRT.IN,5.397,5.306,5.233,5.143,5.036,4.934,4.881,4.812,4.737,4.656,4.571,4.486
Eritrea,ERI,"Population, total",SP.POP.TOTL,2247031,2312079,2392978,2493903,2598284,2661215,2703502,2743222,2816327,2887885,2945186,2998485
Eritrea,ERI,"Life expectancy at birth, total (years)",SP.DYN.LE00.IN,56.285,58.359,58.941,59.455,60.063,60.628,61.457,61.998,62.422,63.203,63.665,64.231
Eritrea,ERI,Mobile cellular subscriptions (per 100 people),IT.CEL.SETS.P2,0,0,0,0,0.769738796836681,1.51953149219435,2.29317381677543,3.07477849040289,3.85718703829491,4.88696745195879,6.29077416502727,8.06870803088893
Eritrea,ERI,"Agriculture, forestry, and fishing, value added (annual % growth)",NV.AGR.TOTL.KD.ZG,-43.4961903824575,29.1463901869159,-7.53423969810395,-11.8518579389252,-3.15125887212356,69.6312450431618,8.82352424588299,1.29260038779191,-43.4873621270863,3.60000229900439,..,..
Eswatini,SWZ,GDP growth (annual %),NY.GDP.MKTP.KD.ZG,1.76017328388222,1.41221393287066,4.0886479398829,4.53865525672528,3.61711931922247,5.99228289096037,6.72880946564094,4.31772144872362,1.44055358727118,1.43311134247756,3.82443487429767,1.83973625916165
Eswatini,SWZ,GDP per capita (current US$),NY.GDP.PCAP.CD,1629.67038842815,1429.85630359447,1315.73634647994,2015.21743065251,2525.5640452625,2871.06877437449,2964.95865200682,3109.11097608864,2946.8606613746,3189.79679956637,3922.74039390733,4225.06049411911
Eswatini,SWZ,Population growth (annual %),SP.POP.GROW,1.02616676195214,0.922357932930459,0.793842610388924,0.682836011828583,0.603686468671865,0.544843998142576,0.500496085577333,0.576423998080883,0.6748941459051,0.6410569310186,0.586161116007687,0.554659161024556
Eswatini,SWZ,Population density (people per sq. km of land area),EN.POP.DNST,60.5473255813953,61.1083720930233,61.5954069767442,62.0174418604651,62.3929651162791,62.7338372093023,63.0486046511628,63.4130813953488,63.8425,64.2530813953488,64.6308139534884,64.9902906976744
Eswatini,SWZ,Urban population (% of total population),SP.URB.TOTL.IN.ZS,22.8409330761997,22.7095619136459,22.5690884303038,22.4312316968119,22.3077107838089,22.2102447619336,22.1505527018245,22.139989967508,22.1692008829856,22.2343865624794,22.3330792067471,22.4634753665393
Eswatini,SWZ,"Fertility rate, total (births per woman)",SP.DYN.TFRT.IN,4.03,3.944,3.854,3.796,3.76,3.704,3.632,3.58,3.567,3.504,3.375,3.317
Eswatini,SWZ,"Population, total",SP.POP.TOTL,1041414,1051064,1059441,1066700,1073159,1079022,1084436,1090705,1098091,1105153,1111650,1117833
Eswatini,SWZ,"Life expectancy at birth, total (years)",SP.DYN.LE00.IN,47.627,46.344,45.38,44.632,43.906,43.958,44.563,45.16,45.853,46.913,48.331,49.057
Eswatini,SWZ,Mobile cellular subscriptions (per 100 people),IT.CEL.SETS.P2,3.16876861651562,5.23279267485139,6.41847917911427,7.96850098434424,13.511511341749,18.5353032653644,23.0534582031581,34.8398512888453,48.4152042043874,60.1212682768811,65.2905141006612,68.5737493883254
Eswatini,SWZ,"Agriculture, forestry, and fishing, value added (annual % growth)",NV.AGR.TOTL.KD.ZG,0.779538789810942,-1.79683041949684,3.38283300252702,8.48043170182633,-12.8674628638838,20.0826767156139,-3.58667828088132,-3.08941067258144,8.95521228999844,8.21571660849119,-12.3248202660075,5.77484709975478
Ethiopia,ETH,GDP growth (annual %),NY.GDP.MKTP.KD.ZG,6.07321748125295,8.30130632267965,1.51472570667433,-2.16135972256865,13.5726031401471,11.8187659491625,10.8347270679373,11.4561670019891,10.7885216870332,8.8025531990487,12.5505383347633,11.1782962297008
Ethiopia,ETH,GDP per capita (current US$),NY.GDP.PCAP.CD,122.269202606069,118.457204255261,109.593813612988,116.800491132777,133.169812538096,158.243458082465,189.345737521418,237.146255996319,316.410475118075,368.574712267445,330.619412798644,343.024942351887
Ethiopia,ETH,Population growth (annual %),SP.POP.GROW,3.06823302462214,3.03351132311934,3.04403477269573,3.02102233073437,2.99474712931538,2.96602247201649,2.93729031507005,2.93015925736888,2.89435688963486,2.83966010377931,2.83517457968806,2.84354457485296
Ethiopia,ETH,Population density (people per sq. km of land area),EN.POP.DNST,67.411494,69.487762,71.635517,73.832663,67.4086372526321,69.4377847665754,71.5067748631684,73.6318622061839,75.7983969601131,77.9802631357432,80.224030211657,82.537679592612
Ethiopia,ETH,Urban population (% of total population),SP.URB.TOTL.IN.ZS,14.9193096160889,15.1177673339844,15.333233833313,15.5438537597656,15.7585906982422,15.982967376709,16.2148475646973,16.0948330261902,16.7936706542969,17.1511001586914,17.4937839508057,17.863790512085
Ethiopia,ETH,"Fertility rate, total (births per woman)",SP.DYN.TFRT.IN,6.654,6.579,6.499,6.4,6.301,6.194,6.047,5.887,5.695,5.488,5.282,5.08
Ethiopia,ETH,"Population, total",SP.POP.TOTL,67411494,69487762,71635517,73832663,76077206,78367470,80703490,83103217,85543668,88007636,90538514,93149970
Ethiopia,ETH,"Life expectancy at birth, total (years)",SP.DYN.LE00.IN,50.88,51.428,52.085,52.877,53.735,54.364,55.402,56.566,57.733,58.715,59.709,60.595
Ethiopia,ETH,Mobile cellular subscriptions (per 100 people),IT.CEL.SETS.P2,0.026341205254997,0.0395753139955781,0.0703128868323795,0.0695139494020418,0.204442313509778,0.523980166770728,1.07393125130028,1.45421325867565,2.28482954460171,4.60380846952871,7.57025899497312,15.1655003216856
Ethiopia,ETH,"Agriculture, forestry, and fishing, value added (annual % growth)",NV.AGR.TOTL.KD.ZG,3.05316271460036,9.62430666898402,-1.87554732972949,-10.4848848787931,16.9448213938163,13.5429380050456,10.9087814461001,9.44831688479593,7.5014730247632,6.3609603302942,5.13030262127867,9.01498481662244
Gabon,GAB,GDP growth (annual %),NY.GDP.MKTP.KD.ZG,-1.88296639760897,2.13523342197423,-0.249033168543434,2.2473300115045,0.689543058464849,2.67620333310926,-2.80657835569052,6.00810802487668,-3.30843064878751,0.130331119816617,7.08988731455126,7.09175334258654
Gabon,GAB,GDP per capita (current US$),NY.GDP.PCAP.CD,3982.906200928,3835.75718279727,3966.48001864663,4710.74862768151,5465.79193590708,6547.87613955186,6847.00985685394,8003.54289696049,9688.64519690633,7290.57526093114,8356.74662013345,10219.1139339454
Gabon,GAB,Population growth (annual %),SP.POP.GROW,2.58540209287646,2.6318642070048,2.67810322358967,2.72905696679518,2.80043793009716,2.90380819435636,3.01803087434569,3.12630083622847,3.22072516127824,3.32765333333101,3.44994267851283,3.54739719912158
Gabon,GAB,Population density (people per sq. km of land area),EN.POP.DNST,4.950409438429,5.08242713548337,5.22037877905849,5.36480769977103,5.5171692474871,5.67972600613187,5.85375480265456,6.03965149221873,6.23733845616486,6.44838747234835,6.67473512632437,6.91576434974968
Gabon,GAB,Urban population (% of total population),SP.URB.TOTL.IN.ZS,79.5660404650438,80.4090993437448,81.2205241874174,81.9970830091574,82.7355438220611,83.4326746392243,84.0852434737431,84.6900183387136,85.2437672472316,85.7432582123932,86.1852592472945,86.5665383650315
Gabon,GAB,"Fertility rate, total (births per woman)",SP.DYN.TFRT.IN,4.469,4.417,4.36,4.299,4.252,4.21,4.17,4.142,4.118,4.138,4.153,4.151
Gabon,GAB,"Population, total",SP.POP.TOTL,1275572,1309589,1345135,1382350,1421609,1463495,1508337,1556237,1607175,1661556,1719879,1781985
Gabon,GAB,"Life expectancy at birth, total (years)",SP.DYN.LE00.IN,61.81,61.982,62.175,62.463,62.694,62.978,63.259,63.619,64.011,64.361,64.715,65.102
Gabon,GAB,Mobile cellular subscriptions (per 100 people),IT.CEL.SETS.P2,9.40754422329747,11.4539752548319,20.7628974043498,21.7021738344124,34.4234596151262,50.3377189536008,59.534904998021,75.1170933476071,80.887271143466,87.2675973605464,93.6112366044355,133.010491109633
Gabon,GAB,"Agriculture, forestry, and fishing, value added (annual % growth)",NV.AGR.TOTL.KD.ZG,5.25931335827849,2.984038851278,-3.61489490658609,1.15667428602903,-0.510921746390423,12.6706457174131,3.07376167550962,5.935084064693,-6.79140214938421,-6.99308510896165,-5.2033858348196,2.25102808158964
"Gambia, The",GMB,GDP growth (annual %),NY.GDP.MKTP.KD.ZG,5.50000021632955,5.80000024323377,-3.25000014970206,6.86999962173842,7.05000000064635,-2.35172936176019,-0.555580977246521,3.04324950829739,6.25590553394287,6.6657243078367,5.90833580968288,-8.13044422315659
"Gambia, The",GMB,GDP per capita (current US$),NY.GDP.PCAP.CD,538.054072348854,459.803068381399,376.531026962584,308.719123437587,593.285346326581,616.483657865348,614.544307904464,724.726407242432,859.127671411226,774.888030908091,801.033372714536,710.608411468152
"Gambia, The",GMB,Population growth (annual %),SP.POP.GROW,2.73837212713207,2.70699337593192,2.68468779375919,2.69312348458537,2.73240205558954,2.78121010687734,2.852561853424,2.90157035551494,2.90664631280342,2.90429853945953,2.90737929979677,2.92337692748517
"Gambia, The",GMB,Population density (people per sq. km of land area),EN.POP.DNST,143.783003952569,147.728359683794,151.748122529644,155.890415019763,160.208695652174,164.726976284585,169.493577075099,174.483596837945,179.629644268775,184.923122529644,190.378458498024,196.026086956522
"Gambia, The",GMB,Urban population (% of total population),SP.URB.TOTL.IN.ZS,46.9722332873784,48.3491979765917,49.5731153377033,50.6010077995371,51.5062022597801,52.3582132660613,53.1603285370566,53.9196109423854,54.6431233516671,55.3379286345209,56.0110896605662,56.6696692994225
"Gambia, The",GMB,"Fertility rate, total (births per woman)",SP.DYN.TFRT.IN,5.716,5.67,5.656,5.656,5.683,5.708,5.736,5.685,5.625,5.574,5.558,5.542
"Gambia, The",GMB,"Population, total",SP.POP.TOTL,1455084,1495011,1535691,1577611,1621312,1667037,1715275,1765774,1817852,1871422,1926630,1983784
"Gambia, The",GMB,"Life expectancy at birth, total (years)",SP.DYN.LE00.IN,56.899,57.283,57.736,58.223,58.749,59.11,59.667,60.001,60.473,60.735,61.167,61.561
"Gambia, The",GMB,Mobile cellular subscriptions (per 100 people),IT.CEL.SETS.P2,0.384857506508215,3.68458827393243,6.51172664292491,9.46367640692161,10.7937275490467,14.8453813562626,23.573187972774,45.3269217918035,64.1491166497603,70.153818860738,76.7322734515709,70.6308247268856
"Gambia, The",GMB,"Agriculture, forestry, and fishing, value added (annual % growth)",NV.AGR.TOTL.KD.ZG,7.49652947854631,8.63316925186362,-18.0831603273813,19.4618659286376,6.68858723864906,-2.8812192843434,-16.6822027883106,-4.19855238196466,30.9731967271954,14.9185909016769,11.80756191303,-27.7378532165808
Ghana,GHA,GDP growth (annual %),NY.GDP.MKTP.KD.ZG,3.70000008164408,4.00000012807919,4.49999955900331,5.200000133101,5.59999999077445,5.90000381855104,6.39991260618034,4.34681910440079,9.14979893831817,4.84448705175076,7.89971194051621,14.0471235803149
Ghana,GHA,GDP per capita (current US$),NY.GDP.PCAP.CD,253.746936203344,263.542156494853,297.46164468774,358.39927142073,406.132105329565,478.611909191028,906.441027564887,1050.12461524926,1182.65761256016,1047.70430093586,1263.89251760539,1507.43573198753
Ghana,GHA,Population growth (annual %),SP.POP.GROW,2.51243583964957,2.6631054412646,2.75013769977312,2.69999623325849,2.64856422445373,2.62275723095941,2.59967236461776,2.57742881770877,2.5377798286274,2.49528498609835,2.43301424000427,2.40497145453178
Ghana,GHA,Population density (people per sq. km of land area),EN.POP.DNST,86.301692010196,88.6308736925376,91.1021710468489,93.5954337698866,96.1074887931792,98.6615012745012,101.260007031731,103.903836688055,106.574430869298,109.267223345346,111.958315021535,114.683519381208
Ghana,GHA,Urban population (% of total population),SP.URB.TOTL.IN.ZS,43.9373786640616,44.6410507317701,45.3484692124806,46.0547973581418,46.7572004525685,47.4528437795757,48.1388926229785,48.8125122665918,49.4708679942306,50.1111250897099,50.7296926788704,51.3304086646488
Ghana,GHA,"Fertility rate, total (births per woman)",SP.DYN.TFRT.IN,4.827,4.768,4.687,4.597,4.504,4.496,4.399,4.288,4.217,4.179,4.181,4.177
Ghana,GHA,"Population, total",SP.POP.TOTL,19637087,20167069,20729388,21296705,21868298,22449438,23040702,23642279,24249946,24862664,25474995,26095088
Ghana,GHA,"Life expectancy at birth, total (years)",SP.DYN.LE00.IN,58.139,58.403,58.709,59.014,59.316,59.638,59.975,60.282,60.578,60.928,61.297,61.617
Ghana,GHA,Mobile cellular subscriptions (per 100 people),IT.CEL.SETS.P2,0.662241808064506,1.20888662601392,1.86582932404951,3.73545578999193,7.75094614130464,12.8045967119533,22.6001881366288,32.1629441899404,47.7132196500561,60.7694975888344,68.4473107845556,81.1104488323626
Ghana,GHA,"Agriculture, forestry, and fishing, value added (annual % growth)",NV.AGR.TOTL.KD.ZG,..,..,..,..,..,..,..,-1.71765669219546,7.40423986728686,7.22554266238021,5.2765734589417,0.846113789792426
Guinea,GIN,GDP growth (annual %),NY.GDP.MKTP.KD.ZG,2.50306056299607,3.65834646929586,5.16460946696631,1.24860125923698,2.34011731288737,2.99727256275818,1.18960211693242,6.81747111070281,4.13301615965833,-1.12264204848687,4.81336016967553,5.61211177430975
Guinea,GIN,GDP per capita (current US$),NY.GDP.PCAP.CD,518.157066924026,483.085120214741,495.916073559269,566.48540588068,584.897740538081,463.17768685098,446.980554135013,650.148575304743,703.532825784369,662.185914665575,659.235326211315,636.694958747648
Guinea,GIN,Population growth (annual %),SP.POP.GROW,1.96135964318577,1.3098114321983,1.55813303817429,2.24251877202579,2.14071157501219,2.00041954618802,2.09058658116716,2.31497296404672,2.41908604968745,2.44158489420853,2.45929310036327,2.47697352651722
Guinea,GIN,Population density (people per sq. km of land area),EN.POP.DNST,34.3025883118997,34.75484291063,35.3006104509197,36.1011761354387,36.8823294807097,37.6275598241901,38.422476802865,39.3223221552987,40.2851619729774,41.2808643985024,42.3086684030604,43.3697297737262
Guinea,GIN,Urban population (% of total population),SP.URB.TOTL.IN.ZS,30.9231105645224,31.2176948406254,31.5131362085814,31.8086015036327,32.1032575610216,32.3962712159907,32.6868093037822,32.9740386596386,33.2571261188022,33.5352385165154,33.8075426880206,34.0732054685603
Guinea,GIN,"Fertility rate, total (births per woman)",SP.DYN.TFRT.IN,5.918,5.834,5.781,5.744,5.733,5.727,5.704,5.664,5.596,5.528,5.435,5.337
Guinea,GIN,"Population, total",SP.POP.TOTL,8428832,8539960,8674066,8870781,9062726,9245844,9441171,9662281,9898870,10143534,10396086,10656810
Guinea,GIN,"Life expectancy at birth, total (years)",SP.DYN.LE00.IN,52.42,52.669,53.2,53.589,53.975,54.422,54.875,55.233,55.703,56.052,56.431,56.778
Guinea,GIN,Mobile cellular subscriptions (per 100 people),IT.CEL.SETS.P2,0.499618452473605,0.6518765895859,1.04647578194586,1.2569355505451,1.70919875542966,2.04416167956111,..,20.6990461155083,27.7809487345525,34.3962962020929,38.4760187632153,45.6101779050204
Guinea,GIN,"Agriculture, forestry, and fishing, value added (annual % growth)",NV.AGR.TOTL.KD.ZG,2.94660347815277,5.92613392539651,4.21106912909879,3.52626051347001,3.20724392898188,1.33977536499019,2.99962975180388,1.65817725629461,4.31023550778559,-6.58609978869858,19.1476144710817,6.3691503877712
Guinea-Bissau,GNB,GDP growth (annual %),NY.GDP.MKTP.KD.ZG,1.10027815777423,4.7859716500482,3.65393603642713,-0.285931052286514,1.17189152277038,6.55977111846077,2.66650493269572,2.55982647078751,4.52457514610252,2.44795106098685,5.60536311358261,8.08504167173554
Guinea-Bissau,GNB,GDP per capita (current US$),NY.GDP.PCAP.CD,316.945495037639,327.138431972397,362.034574570354,419.78486611807,431.376557669634,463.073962650452,448.513075469701,519.069789794741,640.210331101753,583.190020139094,600.194298540768,719.539573498937
Guinea-Bissau,GNB,Population growth (annual %),SP.POP.GROW,2.00706384351502,2.12602969093669,2.19833363261225,2.26219170729877,2.30540545476551,2.34505544706955,2.41122516333709,2.48996828898925,2.52259007377628,2.54277273891846,2.58492032110101,2.62922766462762
Guinea-Bissau,GNB,Population density (people per sq. km of land area),EN.POP.DNST,43.9097083926031,44.8532361308677,45.8501778093883,46.8992176386913,47.9929943100996,49.1317567567568,50.3308321479374,51.599786628734,52.9179943100996,54.2808321479374,55.702240398293,57.1862019914651
Guinea-Bissau,GNB,Urban population (% of total population),SP.URB.TOTL.IN.ZS,36.8412054388232,37.1627839410066,37.4734924367695,37.7773055741583,38.0781980012196,38.3801443659997,38.6871193165452,39.0030975009025,39.3320535671181,39.6716434222135,40.0095596313477,40.4391136169434
Guinea-Bissau,GNB,"Fertility rate, total (births per woman)",SP.DYN.TFRT.IN,5.786,5.688,5.634,5.577,5.5,5.46,5.406,5.365,5.266,5.176,5.111,5.067
Guinea-Bissau,GNB,"Population, total",SP.POP.TOTL,1234741,1261273,1289307,1318806,1349563,1381585,1415303,1450986,1488054,1526377,1566347,1608076
Guinea-Bissau,GNB,"Life expectancy at birth, total (years)",SP.DYN.LE00.IN,50.565,51.054,51.608,52.186,52.8,52.949,54.089,54.87,55.3,56.297,56.999,57.663
Guinea-Bissau,GNB,Mobile cellular subscriptions (per 100 people),IT.CEL.SETS.P2,0,0,0,0.0966783590611508,2.92324256074003,7.15301628202391,11.1163475241697,20.4152900165818,33.6114146395225,36.7107863915664,43.2448876270711,45.5596626030113
Guinea-Bissau,GNB,"Agriculture, forestry, and fishing, value added (annual % growth)",NV.AGR.TOTL.KD.ZG,-5.11451491247944,3.30650998165108,0.201765155822244,4.1337795084947,1.19246128794661,16.1578017286393,0.0575760894115689,0.157186309799769,5.69993008879266,4.58800971611895,2.44111061016005,7.96832665043483
Kenya,KEN,GDP growth (annual %),NY.GDP.MKTP.KD.ZG,0.599695390807426,3.77990649795343,0.546859530175595,2.93247554570904,5.10429977629738,5.90666607980057,6.47249430015484,6.85072976998784,0.232282744812977,3.30693981631089,8.05847360290906,5.1211061197056
Kenya,KEN,GDP per capita (current US$),NY.GDP.PCAP.CD,414.626365130846,410.700452474814,402.936385605382,442.898457253405,463.662781300121,523.456312433863,699.80237063381,840.201439476765,915.54435473604,1047.9678324485,1091.51873101194,1096.14499807675
Kenya,KEN,Population growth (annual %),SP.POP.GROW,3.01293994477925,3.13629206541925,3.14626442047843,3.08528898836117,3.10482476419105,3.07223123352542,3.04704867411558,3.02220921188685,3.02964938264436,3.0211086032266,2.90158845467743,2.75013743696978
Kenya,KEN,Population density (people per sq. km of land area),EN.POP.DNST,53.8406894612925,55.55604947816,57.3317777699687,59.1281986857364,60.992822504129,62.8957444565485,64.8417050286397,66.8312699862951,68.8870067118811,70.9999139051903,73.0902185753945,75.1281951716625
Kenya,KEN,Urban population (% of total population),SP.URB.TOTL.IN.ZS,19.4553832211834,20.4416297068833,21.8586568137501,23.563889811899,25.4147539714454,27.2686745625048,28.9830768551925,30.4153861196239,31.4230276259143,31.8603086707305,31.8713287706458,31.8673949025409
Kenya,KEN,"Fertility rate, total (births per woman)",SP.DYN.TFRT.IN,5.136,5.094,5.027,4.937,4.861,4.801,4.754,4.718,4.66,4.567,4.446,4.284
Kenya,KEN,"Population, total",SP.POP.TOTL,30642890,31619170,32629808,33652223,34713455,35796484,36904008,38036349,39206351,40408891,41598567,42758461
Kenya,KEN,"Life expectancy at birth, total (years)",SP.DYN.LE00.IN,56.084,56.501,56.759,57.369,57.947,58.51,59.059,59.407,59.955,60.483,60.915,61.283
Kenya,KEN,Mobile cellular subscriptions (per 100 people),IT.CEL.SETS.P2,0.415770183556447,1.89758301688501,3.63815196215681,4.72713199362788,7.33478416366219,12.8838631190706,19.8902975525043,29.8383317494537,41.5840102028368,47.9215304374475,60.0234402305252,65.6730161546273
Kenya,KEN,"Agriculture, forestry, and fishing, value added (annual % growth)",NV.AGR.TOTL.KD.ZG,-1.2772016259421,11.658066712423,-3.49636074457098,2.43043145259773,1.74823929747656,6.90639829878457,1.73005465160368,5.08990681368778,-4.98326423067236,-2.29778793944311,10.3502366532734,2.37568410204945
Lesotho,LSO,GDP growth (annual %),NY.GDP.MKTP.KD.ZG,3.87554677576694,3.56158183392093,0.723836067167127,4.55977716384528,1.69237417358596,3.46612222755311,4.23009522805209,4.18791409957151,5.52341966978646,-1.25375779920832,5.26967078056286,4.61641394528752
Lesotho,LSO,GDP per capita (current US$),NY.GDP.PCAP.CD,442.779545779081,412.677473676821,388.92334985135,583.270036200288,766.685820928242,861.381496414995,925.467485502842,861.188420899563,898.482517882593,878.847950537772,1119.47557793042,1280.73390931581
Lesotho,LSO,Population growth (annual %),SP.POP.GROW,0.0338894483530851,-0.152817947191406,-0.30904544946415,-0.483449852068026,-0.704216157980622,-0.920090941162442,-0.411119833657806,0.420949997112671,0.677229463442686,0.726654299508152,0.772821659424366,0.885634151913232
Lesotho,LSO,Population density (people per sq. km of land area),EN.POP.DNST,66.0050395256917,65.9042490118577,65.7008893280632,65.3840250329381,64.9251976284585,64.3305665349144,64.0666337285902,64.3368906455863,64.7740777338603,65.2464756258235,65.7526679841897,66.337582345191
Lesotho,LSO,Urban population (% of total population),SP.URB.TOTL.IN.ZS,19.3273988558381,19.8975236019886,20.4926272688562,21.1231084926925,21.7993659097494,22.5317981562788,23.3329886243114,24.2187949905661,25.1966303659683,26.2591028264855,27.4004815007995,28.6150355175921
Lesotho,LSO,"Fertility rate, total (births per woman)",SP.DYN.TFRT.IN,3.605,3.63,3.682,3.619,3.508,3.428,3.414,3.442,3.392,3.309,3.25,3.343
Lesotho,LSO,"Population, total",SP.POP.TOTL,2003913,2000853,1994679,1985059,1971129,1953076,1945063,1953268,1966541,1980883,1996251,2014009
Lesotho,LSO,"Life expectancy at birth, total (years)",SP.DYN.LE00.IN,48.783,47.153,45.95,44.921,44.039,43.611,43.182,43.66,44.304,45.055,46.045,46.93
Lesotho,LSO,Mobile cellular subscriptions (per 100 people),IT.CEL.SETS.P2,1.07789110605101,2.8487849932004,6.91605015142787,6.34489957225453,9.95434596112177,12.7893640595655,18.4011006327301,24.6998875730315,30.1654529450441,33.3689571771781,49.4651223718861,61.1891009424486
Lesotho,LSO,"Agriculture, forestry, and fishing, value added (annual % growth)",NV.AGR.TOTL.KD.ZG,-4.39635367824707,12.9362842216023,-29.3841268152282,3.42375678469131,-0.907910756169898,1.38722006825442,-10.3105938894178,-0.685884370639698,17.7245192290116,6.2554732738614,-5.64246395116558,-5.27956569384439
Liberia,LBR,GDP growth (annual %),NY.GDP.MKTP.KD.ZG,28.6159342546183,2.92027476569781,3.76301761700071,-30.145132727942,2.61984689477413,5.28121245309295,8.04390997190059,9.53527536282282,7.14569112811476,5.30054050291531,6.09982524004147,8.20076822497064
Liberia,LBR,GDP per capita (current US$),NY.GDP.PCAP.CD,298.485340578945,300.463828598983,299.536445539621,239.779556677091,284.140223992458,287.487333441381,320.55808618515,374.211308104278,451.713856283285,448.386367025545,492.252808033724,568.087865520004
Liberia,LBR,Population growth (annual %),SP.POP.GROW,3.70256844774732,2.9352375714594,2.60055374367034,0.79655231018503,1.19050087276777,4.46419976403406,5.58972152870902,4.98055607463838,4.05801806274783,3.14360024630264,2.89605811562763,3.92046987945605
Liberia,LBR,Population density (people per sq. km of land area),EN.POP.DNST,30.3998857973422,31.3054194352159,32.1302117940199,32.3871677740864,32.7750415282392,34.2713351328904,36.2415593853821,38.0922965116279,39.6698816445183,40.9367524916943,42.1396387043189,43.8245224252492
Liberia,LBR,Urban population (% of total population),SP.URB.TOTL.IN.ZS,43.7710042955819,44.1509656015089,44.566701526991,45.0004573003041,45.4344781497244,45.8510093035277,46.2322959899902,46.6104850769043,47.1080497871025,47.6245255922562,48.1407517057907,48.6583302770849
Liberia,LBR,"Fertility rate, total (births per woman)",SP.DYN.TFRT.IN,5.875,5.774,5.653,5.547,5.506,5.519,5.53,5.462,5.328,5.174,5.058,4.97
Liberia,LBR,"Population, total",SP.POP.TOTL,2928117,3015338,3094782,3119532,3156892,3301015,3490787,3669050,3821003,3943028,4058890,4221178
Liberia,LBR,"Life expectancy at birth, total (years)",SP.DYN.LE00.IN,51.852,53.109,54.061,53.045,55.949,56.765,57.495,58.147,58.675,59.106,59.358,59.486
Liberia,LBR,Mobile cellular subscriptions (per 100 people),IT.CEL.SETS.P2,0.0512274611977595,0.0663275559821154,0.161562268360098,1.51465027446425,2.98933254606113,4.84699403062391,8.02111386343538,15.3445714830815,22.3665618687031,27.5184959376398,38.7127515158085,47.8690308724247
Liberia,LBR,"Agriculture, forestry, and fishing, value added (annual % growth)",NV.AGR.TOTL.KD.ZG,..,5.54325993425968,-1.9889858659819,-29.8244296543378,-14.9073410118717,3.07913017215343,4.23533892966495,7.27848115848531,10.5486048572963,91.606204932978,3.62438142247103,3.97456152247295
Madagascar,MDG,GDP growth (annual %),NY.GDP.MKTP.KD.ZG,4.45685893956946,5.98023576982733,-12.4079711055149,9.78489212474175,5.25700362208742,4.75584509499119,5.3985084485368,5.71056419885052,6.71263253913001,-3.9787086116544,0.619239744622121,1.57842705366555
Madagascar,MDG,GDP per capita (current US$),NY.GDP.PCAP.CD,280.282905559649,319.283278235657,304.941777398445,352.620095849925,272.20074858856,305.812074924388,324.146874882604,419.548001431865,512.579800058444,446.315238370592,450.009391645726,506.163691559309
Madagascar,MDG,Population growth (annual %),SP.POP.GROW,3.17297260783499,3.0798984770565,2.9899935045994,2.93067077025108,2.91610861061954,2.92926937068758,2.93769107946479,2.93494950819065,2.93532927308935,2.93604117284744,2.90919662127516,2.83965714379658
Madagascar,MDG,Population density (people per sq. km of land area),EN.POP.DNST,28.4010351824466,29.2893678852701,30.1783419885133,31.075857206727,31.9954053031606,32.946498951061,33.9287220139629,34.9392698696564,35.9800529628229,37.0521030367644,38.1458541114971,39.2273910913638
Madagascar,MDG,Urban population (% of total population),SP.URB.TOTL.IN.ZS,25.0095755608264,25.3079943968146,25.6037489918904,25.8967668078478,26.1869753064804,26.4743019495822,26.7586741989468,27.0400195163682,27.31826536364,27.5933392025561,27.8651684949103,28.1336807024963
Madagascar,MDG,"Fertility rate, total (births per woman)",SP.DYN.TFRT.IN,5.665,5.528,5.412,5.329,5.264,5.195,5.133,5.083,5.043,5.003,4.896,4.737
Madagascar,MDG,"Population, total",SP.POP.TOTL,16516338,17032939,17549913,18071854,18606608,19159707,19730909,20318583,20923840,21547280,22183340,22822300
Madagascar,MDG,"Life expectancy at birth, total (years)",SP.DYN.LE00.IN,57.974,58.674,59.17,59.693,60.168,60.664,61.14,61.533,61.992,62.304,62.597,62.86
Madagascar,MDG,Mobile cellular subscriptions (per 100 people),IT.CEL.SETS.P2,0.382009619807974,0.865969167153126,0.928836513320607,1.56965632856485,1.79445925877516,2.66324010069674,5.30075933146314,10.9142059758793,23.1087553718629,29.162840971111,34.7635703189871,38.0363591750174
Madagascar,MDG,"Agriculture, forestry, and fishing, value added (annual % growth)",NV.AGR.TOTL.KD.ZG,0.999999999327869,4.02084984553798,-1.29148908579863,1.29547289180721,3.0695035371926,2.4984460785157,2.14509838959118,2.24466931552769,2.28918671627893,5.47270689744366,-2.30776345937731,1.87731998763023
Malawi,MWI,GDP growth (annual %),NY.GDP.MKTP.KD.ZG,1.57607762616895,-4.97496361892476,1.70000003078317,5.70563940467414,5.42049754993828,3.26872602317066,4.69999976404691,9.59999987683469,7.63973639944591,8.3281098524038,6.87406585416142,4.93266999813729
Malawi,MWI,GDP per capita (current US$),NY.GDP.PCAP.CD,224.22415918428,215.474524898357,428.210439838398,383.348596852642,404.674248445428,414.361121984475,440.822149023873,475.180261659331,554.048820396119,625.869729869625,683.124694716799,763.061000394572
Malawi,MWI,Population growth (annual %),SP.POP.GROW,2.39808527580859,2.41939427546647,2.44868795908692,2.50311318898405,2.58631203946607,2.67801100189358,2.75507030698051,2.82103771276785,2.90426164632368,2.95642545456471,2.94779608735928,2.91504427220952
Malawi,MWI,Population density (people per sq. km of land area),EN.POP.DNST,120.024840899448,122.964128128978,126.012303775986,129.206342808655,132.591610097582,136.19040093339,139.994707254985,144.000243954179,148.243710224862,152.691854051761,157.259896054306,161.911561306746
Malawi,MWI,Urban population (% of total population),SP.URB.TOTL.IN.ZS,14.6770603287659,14.780400724713,14.8722487440558,14.9551384691108,15.0316039821946,15.1041793656241,15.1753987017157,15.2477960727861,15.3238029928378,15.4015312766848,15.4776969380518,15.5523153908723
Malawi,MWI,"Fertility rate, total (births per woman)",SP.DYN.TFRT.IN,6.002,5.943,5.903,5.875,5.864,5.848,5.802,5.724,5.609,5.453,5.263,5.083
Malawi,MWI,"Population, total",SP.POP.TOTL,11315942,11593058,11880440,12181574,12500737,12840031,13198701,13576343,13976417,14395788,14826463,15265022
Malawi,MWI,"Life expectancy at birth, total (years)",SP.DYN.LE00.IN,46.17,47.205,48.176,49.601,51.073,52.469,53.652,54.687,55.715,56.714,57.787,58.859
Malawi,MWI,Mobile cellular subscriptions (per 100 people),IT.CEL.SETS.P2,0.43301741914195,0.480718719771781,0.724274521819057,1.10916700912378,1.77697522954047,3.2800777505911,4.6986669369963,7.74031710895931,10.787342707362,17.2664810012484,21.025675510066,25.8864481164849
Malawi,MWI,"Agriculture, forestry, and fishing, value added (annual % growth)",NV.AGR.TOTL.KD.ZG,5.29887849158406,-5.98268021904099,5.89361610840704,3.30811037200172,3.64414876830823,-9.33025165099379,-4.62055711537346,11.1723868447244,3.60000000623823,3.99569847507712,6.8038000321299,6.09999999779663
Mali,MLI,GDP growth (annual %),NY.GDP.MKTP.KD.ZG,-0.736019992224286,15.806031742271,3.03627540738884,9.79712256086644,1.47732490290102,2.53837834888921,3.68960265255278,1.76004607852802,3.63871070923719,5.45473562683669,5.57678859793515,2.93537897118415
Mali,MLI,GDP per capita (current US$),NY.GDP.PCAP.CD,304.652870189314,346.224554248587,378.191678628068,441.910358475171,495.006294675661,548.730382848879,586.985415512593,670.853394978069,767.194838946144,787.48256428259,797.151541141189,938.292902579598
Mali,MLI,Population growth (annual %),SP.POP.GROW,2.91308874187569,3.00701165563643,3.10676861781848,3.17894001404545,3.23794608826987,3.27522299158149,3.2804387949943,3.28796078422057,3.2862188900418,3.25780569403424,3.2485140091385,3.23250831038309
Mali,MLI,Population density (people per sq. km of land area),EN.POP.DNST,9.47335251067457,9.76254353830141,10.0706037584311,10.3958850670797,10.7380071956007,11.0955236479565,11.4655414320721,11.8487899425499,12.2446356714938,12.6501110482794,13.0677992771618,13.497118481548
Mali,MLI,Urban population (% of total population),SP.URB.TOTL.IN.ZS,18.977631037325,19.3181950112665,19.6792980362731,20.0594231247985,20.4570532892964,20.8706715422205,21.2987608960246,21.7398043631622,22.1922849560871,22.6557955217884,23.1359461824894,23.6379674039304
Mali,MLI,"Fertility rate, total (births per woman)",SP.DYN.TFRT.IN,6.886,6.852,6.819,6.783,6.741,6.708,6.677,6.647,6.624,6.592,6.579,6.545
Mali,MLI,"Population, total",SP.POP.TOTL,11559290,11912158,12288050,12684955,13102409,13538647,13990139,14457775,14940782,15435539,15945198,16469049
Mali,MLI,"Life expectancy at birth, total (years)",SP.DYN.LE00.IN,50.605,51.3,51.995,52.632,53.253,53.792,54.305,54.756,55.187,55.588,55.993,56.367
Mali,MLI,Mobile cellular subscriptions (per 100 people),IT.CEL.SETS.P2,0.089953621718981,0.201449644976166,0.374135847429006,1.94894660643258,3.10523812834724,5.62822858148233,10.8143886204419,17.5053976147782,23.0146454181582,28.8978765173021,46.6622176783255,65.7107159010821
Mali,MLI,"Agriculture, forestry, and fishing, value added (annual % growth)",NV.AGR.TOTL.KD.ZG,-10.1373132903018,10.6168020600293,-3.29291434288828,24.4909245337282,-8.4675921350162,-9.58764462371508,-8.99349311061756,6.74526733781389,13.8838917114314,12.0035386670378,8.00072083060184,-3.44973993415428
Mauritania,MRT,GDP growth (annual %),NY.GDP.MKTP.KD.ZG,-3.91802587923293,-0.799493815789347,1.38148396199058,6.92826955106302,4.7327579245203,8.56628724906668,18.3331987597713,-1.96942275160761,-0.331079195278377,0.0978758719728035,2.62022952055378,4.17278328304418
Mauritania,MRT,GDP per capita (current US$),NY.GDP.PCAP.CD,680.911061879778,651.817840199777,648.879643934862,732.017820812675,823.554457141893,998.96583416747,1300.60367988659,1405.15016203368,1635.5630623124,1435.43010811893,1659.96369705455,1931.19975525465
Mauritania,MRT,Population growth (annual %),SP.POP.GROW,2.78353822069134,2.46862570579989,2.2112923085405,2.28829406566231,2.34965515386841,2.42430459268211,2.50658248493226,2.60052819123955,2.87480873438379,3.12899450909418,3.19159403639576,3.24512473547367
Mauritania,MRT,Population density (people per sq. km of land area),EN.POP.DNST,2.53559813718832,2.59897157271757,2.65708256524692,2.71858542737945,2.78321917143689,2.85151741534879,2.92389638110022,3.00093043562627,3.08845347821869,3.18661880275541,3.28996313185214,3.39847773357912
Mauritania,MRT,Urban population (% of total population),SP.URB.TOTL.IN.ZS,38.0555858542174,38.1070763150421,38.3900378438208,38.8866922319919,39.5685575664461,40.407151934074,41.3739934217664,42.4406001164139,43.5784901049073,44.7591814741371,45.9541923109942,47.1350407023691
Mauritania,MRT,"Fertility rate, total (births per woman)",SP.DYN.TFRT.IN,5.456,5.407,5.373,5.364,5.374,5.376,5.404,5.426,5.436,5.406,5.384,5.38
Mauritania,MRT,"Population, total",SP.POP.TOTL,2613441,2678760,2738655,2802046,2868664,2939059,3013660,3093059,3183269,3284448,3390965,3502811
Mauritania,MRT,"Life expectancy at birth, total (years)",SP.DYN.LE00.IN,61.044,61.662,62.249,62.805,63.369,63.92,64.493,64.885,65.233,65.485,65.661,65.754
Mauritania,MRT,Mobile cellular subscriptions (per 100 people),IT.CEL.SETS.P2,0.585435064346201,4.12366169421673,9.02771615993982,12.524919291118,18.2105677067792,25.3691742833335,35.1772263626288,45.7141942652888,65.7183543081028,66.4418800358538,81.8660764708571,94.6316258570616
Mauritania,MRT,"Agriculture, forestry, and fishing, value added (annual % growth)",NV.AGR.TOTL.KD.ZG,-8.63818930839444,-1.72222481480894,-7.92196358376739,2.75226993766522,-1.78558196073934,10.0758925333354,-7.06288688697063,7.88060804084347,6.08105446535477,0.234456143269597,6.3535035116989,0.0698201227140203
Mauritius,MUS,GDP growth (annual %),NY.GDP.MKTP.KD.ZG,8.20279174865273,3.3475407273143,1.61491865862438,5.9254454894774,4.33001985464323,1.77754302034465,4.86554460775534,5.76380219453068,5.4630565042284,3.36352090607312,4.39672657214976,4.14555262561014
Mauritius,MUS,GDP per capita (current US$),NY.GDP.PCAP.CD,3981.98343249582,3908.55694927435,4073.06053055903,4858.26575549747,5460.60800184198,5354.02974260642,5784.22491883026,6677.37538616398,8140.47983639243,7426.86137313939,8113.17670740212,9324.24232310496
Mauritius,MUS,Population growth (annual %),SP.POP.GROW,0.982676166064297,0.790047581068153,0.694240135210974,0.723661765578573,0.627103982385528,0.592099659929956,0.466403525955087,0.455526400702738,0.361630847401639,0.265537672832765,0.237886692890185,0.160140420765724
Mauritius,MUS,Population density (people per sq. km of land area),EN.POP.DNST,584.666502463054,589.303940886699,593.409359605911,597.71921182266,601.479310344828,605.051231527094,607.879802955665,610.655172413793,612.867487684729,614.497044334975,615.960591133005,627.142714071107
Mauritius,MUS,Urban population (% of total population),SP.URB.TOTL.IN.ZS,42.063123063288,41.8827214180181,41.6986829938864,41.5127065251754,41.3265540022042,41.1419874152917,40.9607687547567,40.7846600109183,40.6154231740954,40.4548202346069,40.3046131827718,40.1665923228716
Mauritius,MUS,"Fertility rate, total (births per woman)",SP.DYN.TFRT.IN,1.99,1.91,1.94,1.87,1.92,1.88,1.77,1.74,1.67,1.59,1.57,1.55
Mauritius,MUS,"Population, total",SP.POP.TOTL,1186873,1196287,1204621,1213370,1221003,1228254,1233996,1239630,1244121,1247429,1250400,1252404
Mauritius,MUS,"Life expectancy at birth, total (years)",SP.DYN.LE00.IN,71.6634146341463,71.7658536585366,71.9658536585366,72.1170731707317,72.2658536585366,72.4321951219512,72.4321951219512,72.5707317073171,72.5707317073171,72.8824390243903,72.9673170731707,73.2668292682927
Mauritius,MUS,Mobile cellular subscriptions (per 100 people),IT.CEL.SETS.P2,14.7949785842685,22.2235093624495,28.161107217088,37.2277089024305,43.8266122579613,52.2446836857658,61.1177886041965,73.1476040513014,81.0663444829304,84.9704293760927,92.8425699047874,100.608971543233
Mauritius,MUS,"Agriculture, forestry, and fishing, value added (annual % growth)",NV.AGR.TOTL.KD.ZG,33.2220224394142,8.48054124907347,-17.5325570274598,3.07044094489757,9.48457739820803,-4.19277551934616,0.935271680520017,-2.23689153711886,2.68314684450566,10.2008782770524,-0.375124297894246,3.48854444798638
Mozambique,MOZ,GDP growth (annual %),NY.GDP.MKTP.KD.ZG,0.766234955773442,12.8516820207736,9.66850534669427,7.21770086569656,8.20470494788577,6.31202378023193,9.91067756782915,7.64935393795867,6.87802942560995,5.92897187460815,6.67972935662864,7.13405842300445
Mozambique,MOZ,GDP per capita (current US$),NY.GDP.PCAP.CD,327.12623979157,304.792138621913,313.886661721198,339.488737800648,400.056973161545,436.773856167384,457.487647833183,507.874923914304,592.159111184122,547.697144193651,496.185839392659,618.17649286789
Mozambique,MOZ,Population growth (annual %),SP.POP.GROW,2.20366517231952,2.22591756896921,2.24357740312433,2.26412694670583,2.28307737180822,2.31300566720779,2.3486041998682,2.37944111058302,2.46564120587285,2.59095643753164,2.67685903538336,2.78615253564474
Mozambique,MOZ,Population density (people per sq. km of land area),EN.POP.DNST,23.0545703095196,23.5735000890155,24.1083674559373,24.6604377018744,25.2299308222488,25.8203018896717,26.4338958264452,27.070417609807,27.746173605636,28.4744589129937,29.2469734733844,30.0732966250413
Mozambique,MOZ,Urban population (% of total population),SP.URB.TOTL.IN.ZS,29.2423697311441,29.4137097764239,29.5686323334348,29.7146340268639,29.8592114813982,30.0098613217248,30.1740801725307,30.3598131347122,30.5625357695184,30.7715592059159,30.9861779822921,31.2062230032794
Mozambique,MOZ,"Fertility rate, total (births per woman)",SP.DYN.TFRT.IN,5.83,5.755,5.667,5.6,5.551,5.5,5.452,5.466,5.598,5.681,5.66,5.599
Mozambique,MOZ,"Population, total",SP.POP.TOTL,18129653,18537729,18958338,19392475,19840313,20304569,20787087,21287635,21819036,22391745,22999235,23649039
Mozambique,MOZ,"Life expectancy at birth, total (years)",SP.DYN.LE00.IN,49.476,50.259,50.879,51.383,51.855,52.322,52.748,53.255,53.799,54.4,55.04,55.733
Mozambique,MOZ,Mobile cellular subscriptions (per 100 people),IT.CEL.SETS.P2,0.281665622612854,0.823466563784593,1.34378340548628,2.2470417004534,3.56849208981733,7.40691910278913,11.2537028396523,14.4674737235959,20.1888204410131,26.6650991246997,31.4105056102953,33.216339150187
Mozambique,MOZ,"Agriculture, forestry, and fishing, value added (annual % growth)",NV.AGR.TOTL.KD.ZG,-12.526626189579,10.2246966706862,11.6711337237436,5.28289252010595,5.09007272477481,6.92215722959406,10.7005371649667,8.64938232614591,6.58607985329868,5.45881405856412,4.8211329211717,4.0210706131421
Namibia,NAM,GDP growth (annual %),NY.GDP.MKTP.KD.ZG,3.49218336365178,1.17794869467917,4.7886612188211,4.23979429582137,12.2695481036769,2.52926265819022,7.07317531845825,5.37404415167634,2.64981203780268,0.295970914001089,6.03924947955858,5.09133813864338
Namibia,NAM,GDP per capita (current US$),NY.GDP.PCAP.CD,2156.67590512714,1915.58926594875,1772.07565537493,2569.24739317883,3403.15496192955,3685.77299991587,4017.1834716928,4379.04313682732,4204.78555422749,4302.91374148376,5418.21633365814,5834.7917675794
Namibia,NAM,Population growth (annual %),SP.POP.GROW,2.35219877188535,2.08953121470852,1.75728257510242,1.44425237074387,1.27571138513782,1.25364169808749,1.27859222127371,1.3321269140493,1.39984615902945,1.47115601688196,1.54841464345813,1.71587072736176
Namibia,NAM,Population density (people per sq. km of land area),EN.POP.DNST,2.20899925907032,2.2556426046715,2.29563094413876,2.32902622405228,2.35892820269893,2.38868685396397,2.4194245041237,2.45186993647439,2.48643369893962,2.52328341167754,2.56265835853709,2.60700968067145
Namibia,NAM,Urban population (% of total population),SP.URB.TOTL.IN.ZS,32.1168956399877,32.8575058425719,33.6459301456028,34.5460063719633,35.5356476670033,36.5870014553064,37.6722151614564,38.763436210037,39.8328120256318,40.8524900328246,41.7946176561991,42.6276075621535
Namibia,NAM,"Fertility rate, total (births per woman)",SP.DYN.TFRT.IN,3.991,3.827,3.693,3.58,3.545,3.571,3.601,3.608,3.616,3.633,3.657,3.658
Namibia,NAM,"Population, total",SP.POP.TOTL,1818647,1857048,1889970,1917464,1942082,1966582,1991888,2018600,2047056,2077394,2109811,2146325
Namibia,NAM,"Life expectancy at birth, total (years)",SP.DYN.LE00.IN,52.946,51.98,51.988,51.918,52.175,52.557,53.183,54.026,54.74,55.347,56.093,56.647
Namibia,NAM,Mobile cellular subscriptions (per 100 people),IT.CEL.SETS.P2,4.50884641164558,5.74029319651404,7.93663391482404,11.6649386898528,14.7313553186735,22.8242198901444,30.566276818777,39.6448033290399,51.3908754816673,78.5395548461197,92.4287530968414,102.24430130572
Namibia,NAM,"Agriculture, forestry, and fishing, value added (annual % growth)",NV.AGR.TOTL.KD.ZG,4.70033053485696,-9.33380040910041,21.065997737494,-0.14601668549399,7.58657066269535,14.9802317142657,3.755903751321,-4.57149247213185,-27.1190821474367,6.65812036229593,10.4302554050519,1.03290166036167
Niger,NER,GDP growth (annual %),NY.GDP.MKTP.KD.ZG,-1.20847774100575,7.26813490213235,4.91847057594622,2.1706103837418,0.363801578722132,7.33186884258517,5.93104997350342,3.14272408386731,7.73141422777337,1.96260090694645,8.57816674262253,2.35775693603874
Niger,NER,GDP per capita (current US$),NY.GDP.PCAP.CD,194.771959898935,205.417936120931,225.294391147438,265.225363452469,283.468281798296,318.643121918273,333.345078419447,387.168065883301,475.044955398162,461.131533961487,474.425692340831,510.75956176268
Niger,NER,Population growth (annual %),SP.POP.GROW,3.46716382832898,3.50878624306039,3.53148102432579,3.5622769230714,3.59824904350361,3.62970414217364,3.65709371425878,3.68110827846052,3.70203244818704,3.71708044318123,3.72535077368531,3.72138303234104
Niger,NER,Population density (people per sq. km of land area),EN.POP.DNST,9.08631088655562,9.41078945290913,9.74906765611431,10.1026162469409,10.4727528222942,10.8598657930054,11.2643727796637,11.6867529801847,12.1275084866188,12.5867806110366,13.0645259335281,13.5598665824584
Niger,NER,Urban population (% of total population),SP.URB.TOTL.IN.ZS,16.1307678222656,16.2687225341797,16.2687206268311,16.2687225341797,16.2687225341797,16.2687225341797,16.2675724894628,16.2641887037781,16.2586706998252,16.2511180003032,16.2416301279116,16.2303066053496
Niger,NER,"Fertility rate, total (births per woman)",SP.DYN.TFRT.IN,7.829,7.81,7.797,7.789,7.777,7.769,7.744,7.726,7.702,7.679,7.64,7.592
Niger,NER,"Population, total",SP.POP.TOTL,11509630,11920647,12349144,12796984,13265836,13756192,14268581,14803610,15361915,15943675,16548835,17176283
Niger,NER,"Life expectancy at birth, total (years)",SP.DYN.LE00.IN,49.172,49.872,50.645,51.545,52.402,53.32,54.223,55.063,55.852,56.487,57.08,57.6
Niger,NER,Mobile cellular subscriptions (per 100 people),IT.CEL.SETS.P2,0.017863302295556,0.0178346024339115,0.465951324237534,0.643628217398725,1.29973715942214,2.35423436951156,3.38505980377446,6.07959815207237,12.3528088783202,16.3011350896202,22.1684789291814,27.612953279822
Niger,NER,"Agriculture, forestry, and fishing, value added (annual % growth)",NV.AGR.TOTL.KD.ZG,-8.02924399018737,12.706631273778,7.33797214178567,5.20648589881336,-7.73515324857075,13.4038511696991,10.3780421085178,4.63044457086683,15.9303634701392,-9.36372776622004,15.3260100455392,-2.85687542073974
Nigeria,NGA,GDP growth (annual %),NY.GDP.MKTP.KD.ZG,5.01593475936546,5.91768464924425,15.3291557409618,7.34719496793299,9.25055822923169,6.43851652535925,6.05942803202491,6.59113036066867,6.76447277784263,8.03692510100366,8.00565591623166,5.30792420293915
Nigeria,NGA,GDP per capita (current US$),NY.GDP.PCAP.CD,547.318298903379,566.428231812933,712.164852077686,763.388745367223,962.48104194733,1211.37703504386,1599.53891556365,1815.52697545827,2154.10543545364,1820.48633854782,2202.25672957344,2418.41316975875
Nigeria,NGA,Population growth (annual %),SP.POP.GROW,2.67439784501828,2.7163954653619,2.74147056608815,2.75673506428828,2.77053967849452,2.76883385211034,2.76124698861505,2.77180099910734,2.78453384410814,2.78730820935027,2.795149361277,2.80278519998649
Nigeria,NGA,Population density (people per sq. km of land area),EN.POP.DNST,138.764445469218,142.585499083193,146.548512796864,150.64466769876,154.876692249415,159.224889928302,163.682745369303,168.28316808854,173.034919902939,177.925781481603,182.969230431393,188.170007795602
Nigeria,NGA,Urban population (% of total population),SP.URB.TOTL.IN.ZS,43.2785051250243,44.1262421418539,44.9793025536893,45.8372080921761,46.6994804889599,47.5656414756863,48.424271994461,49.2357987173198,50.0505212312351,50.86453484762,51.6778188255446,52.490352424079
Nigeria,NGA,"Fertility rate, total (births per woman)",SP.DYN.TFRT.IN,6.124,6.128,6.116,6.1,6.09,6.063,6.053,6.027,6.024,5.993,5.948,5.893
Nigeria,NGA,"Population, total",SP.POP.TOTL,126382494,129862595,133471989,137202644,141057045,145017253,149077334,153267261,157595014,162049464,166642886,171379598
Nigeria,NGA,"Life expectancy at birth, total (years)",SP.DYN.LE00.IN,47.143,47.549,48.02,48.618,49.148,49.538,49.876,50.381,50.748,51.08,51.315,51.49
Nigeria,NGA,Mobile cellular subscriptions (per 100 people),IT.CEL.SETS.P2,0.0237374647789432,0.205186874634686,1.17556500937436,2.29549001985705,6.48475870170114,12.8170956320625,21.6814998851536,26.3563208061766,39.9685817471357,45.9848876760246,52.3861480651505,55.5301267540609
Nigeria,NGA,"Agriculture, forestry, and fishing, value added (annual % growth)",NV.AGR.TOTL.KD.ZG,2.91959858525159,3.7920265124333,55.5780472753688,7.00705752969499,6.26122904155979,7.06995500766206,7.41288293855922,7.19976474668427,6.268228150608,5.88177543007777,5.8276421755,2.9158486764137
Rwanda,RWA,GDP growth (annual %),NY.GDP.MKTP.KD.ZG,8.37089593573039,8.48456034086699,13.1920736288433,2.2023875095978,7.44766737037035,9.37789916585375,9.22707576994632,7.63329819042882,11.161247324054,6.24825750704265,7.33465645016436,7.95838869909085
Rwanda,RWA,GDP per capita (current US$),NY.GDP.PCAP.CD,251.86926386091,237.308846200901,234.043016755733,249.012274982252,269.540446333402,324.016863847189,352.093916578347,420.733580702508,522.288339420679,556.97399621739,586.599950359877,643.356138618166
Rwanda,RWA,Population growth (annual %),SP.POP.GROW,0.806991709703052,0.886774966312804,1.35537693210796,2.19817405049677,2.6429108159401,2.66009812240039,2.66683575241351,2.66008171576066,2.62837643087324,2.57922030255665,2.52365134392041,2.45262873450153
Rwanda,RWA,Population density (people per sq. km of land area),EN.POP.DNST,332.952209160924,335.917875962708,340.501824077827,348.069517632752,357.391325496555,367.025861370085,376.945520875557,387.107134171058,397.416659910823,407.800243210377,418.222659100122,428.606931495744
Rwanda,RWA,Urban population (% of total population),SP.URB.TOTL.IN.ZS,15.7804474645996,16.5487399668155,16.8778847116752,16.8947432312369,16.9020099536792,16.9072114459454,16.9110139245047,16.9140836058266,16.9170867063804,16.9206894426355,16.9255580310614,16.9323586881273
Rwanda,RWA,"Fertility rate, total (births per woman)",SP.DYN.TFRT.IN,5.967,5.893,5.816,5.737,5.64,5.5,5.335,5.141,4.922,4.707,4.522,4.332
Rwanda,RWA,"Population, total",SP.POP.TOTL,8213931,8287094,8400180,8586875,8816844,9054528,9299246,9549933,9804269,10060432,10317553,10573733
Rwanda,RWA,"Life expectancy at birth, total (years)",SP.DYN.LE00.IN,47.798,49.49,51.262,53.529,55.52,56.968,58.342,59.504,60.641,61.813,62.804,63.476
Rwanda,RWA,Mobile cellular subscriptions (per 100 people),IT.CEL.SETS.P2,0.474803111932642,0.784352150464324,0.980824220433372,1.52232331319601,1.55691764536154,2.46261318094107,3.37877931178506,6.650695873992,13.4904193265199,24.1465972832976,34.395374562166,42.049425685328
Rwanda,RWA,"Agriculture, forestry, and fishing, value added (annual % growth)",NV.AGR.TOTL.KD.ZG,7.75118504618257,9.00834885370811,13.926207328897,-2.32389409485084,7.85987611740542,3.09760933440948,6.42789518432056,-0.866467373970792,7.63000615247245,4.49272416677262,5.40701719075317,3.29836719121519
Sao Tome and Principe,STP,GDP growth (annual %),NY.GDP.MKTP.KD.ZG,0.448368261692949,3.06448295788719,3.360188168222,8.29151946119818,3.5379059435684,6.61462475033599,8.86610935944026,3.64147185166024,6.2287850696102,3.30239966645061,1.44845522890635,1.99943210333259
Sao Tome and Principe,STP,GDP per capita (current US$),NY.GDP.PCAP.CD,529.089383412262,518.88050130005,568.10257252271,663.696211810494,726.560882130444,844.169181884274,861.970707697664,878.885791918745,1081.8684584729,1128.28046213305,1045.20958234528,1219.80189089671
Sao Tome and Principe,STP,Population growth (annual %),SP.POP.GROW,1.10033924534294,1.62335301537299,2.39433369314868,2.56289213876339,2.49821189998236,2.46392543668319,2.44392306226435,2.42274880138795,2.38327636004872,2.30924305588459,2.1960816383463,2.09396113456698
Sao Tome and Principe,STP,Population density (people per sq. km of land area),EN.POP.DNST,150.01875,152.473958333333,156.16875,160.222916666667,164.276041666667,168.373958333333,172.539583333333,176.770833333333,181.034375,185.263541666667,189.377083333333,193.384375
Sao Tome and Principe,STP,Urban population (% of total population),SP.URB.TOTL.IN.ZS,52.9663437052108,53.9612039920776,55.0882710997103,56.4128470868097,57.8774845467458,59.4188016908917,60.9734167306206,62.4779478773056,63.8690133423199,65.0832313370367,66.0572200728291,66.7275977610702
Sao Tome and Principe,STP,"Fertility rate, total (births per woman)",SP.DYN.TFRT.IN,5.157,5.097,5.062,5.013,4.962,4.939,4.933,4.957,4.906,4.838,4.769,4.718
Sao Tome and Principe,STP,"Population, total",SP.POP.TOTL,144018,146375,149922,153814,157705,161639,165638,169700,173793,177853,181802,185649
Sao Tome and Principe,STP,"Life expectancy at birth, total (years)",SP.DYN.LE00.IN,61.207,61.5,61.826,62.158,62.56,62.434,63.041,63.336,63.448,63.669,63.867,64.122
Sao Tome and Principe,STP,Mobile cellular subscriptions (per 100 people),IT.CEL.SETS.P2,0,0,1.3206867571137,3.13300479800278,4.91106813354047,7.39487376190152,11.1230514736957,17.736593989393,29.0869022342672,45.4470827031312,56.5065290810882,61.9653216553819
Sao Tome and Principe,STP,"Agriculture, forestry, and fishing, value added (annual % growth)",NV.AGR.TOTL.KD.ZG,..,..,..,..,..,..,..,..,..,6.33408307207037,1.16747349671043,-0.307092229547806
Senegal,SEN,GDP growth (annual %),NY.GDP.MKTP.KD.ZG,3.88721095816793,4.31085146618369,0.0686965747419066,5.59395094456143,4.64329393683312,4.31023852639633,2.33077098330239,2.82711920133374,3.70316906391386,2.75210448455053,3.39088925336209,1.33409107961258
Senegal,SEN,GDP per capita (current US$),NY.GDP.PCAP.CD,603.233162455158,637.213530563724,669.430447319209,817.888034221442,918.102079522155,979.846101520171,1017.20196747987,1188.93877808175,1398.79218010021,1308.69404336205,1275.88357492357,1374.67591873844
Senegal,SEN,Population growth (annual %),SP.POP.GROW,2.41009917724256,2.42496943712898,2.44966153599012,2.40684962152091,2.34632515714346,2.33918136359556,2.32792929230269,2.32279384441662,2.3395118470328,2.36561415953051,2.38690195279185,2.52791519909846
Senegal,SEN,Population density (people per sq. km of land area),EN.POP.DNST,51.775099984418,53.0459772502987,54.3614709395938,55.6857424816912,57.0077598296369,58.3569937152652,59.7314392562198,61.1351166052044,62.5822417285618,64.0803459201163,65.6282813068093,67.3084558250662
Senegal,SEN,Urban population (% of total population),SP.URB.TOTL.IN.ZS,40.6667555531967,40.8763420163126,41.1081471561292,41.35893934855,41.6248193895895,41.9057599695838,42.2046413043069,42.524343609533,42.867747101036,43.23773199459,43.6371785059692,44.0689668509475
Senegal,SEN,"Fertility rate, total (births per woman)",SP.DYN.TFRT.IN,5.498,5.397,5.301,5.246,5.192,5.133,5.064,5.018,5.024,5.025,5.055,5.099
Senegal,SEN,"Population, total",SP.POP.TOTL,9968260,10212942,10466214,10721176,10975704,11235472,11500094,11770344,12048959,12337389,12635413,12958897
Senegal,SEN,"Life expectancy at birth, total (years)",SP.DYN.LE00.IN,57.615,58.158,58.912,59.474,60.308,60.98,61.801,62.653,63.201,63.751,64.221,64.799
Senegal,SEN,Mobile cellular subscriptions (per 100 people),IT.CEL.SETS.P2,2.51047825799086,2.9551817683876,5.28795799512603,7.29792142205295,10.2163287202352,15.3986054168441,25.9356401782455,30.8470508593462,44.7269593995631,55.9396481702895,66.0343828887904,72.1733338879073
Senegal,SEN,"Agriculture, forestry, and fishing, value added (annual % growth)",NV.AGR.TOTL.KD.ZG,0.461236414622874,1.84675799646865,-22.986164769508,18.1710741872185,3.43091299940129,11.5757801127124,-8.97122928232316,-7.09557798901123,21.4308181379116,13.9840160762156,4.75738904496757,-15.6932912921175
Seychelles,SYC,GDP growth (annual %),NY.GDP.MKTP.KD.ZG,4.25319834931828,-2.27116288552982,1.21283290259314,-5.88712848764477,-2.8504539768538,9.0057617374238,9.40612855732827,8.87606645570879,-2.72594626154864,-2.47937594726137,4.50513204312067,9.5097833517957
Seychelles,SYC,GDP per capita (current US$),NY.GDP.PCAP.CD,8063.65500575169,8153.2986369879,8864.16919495467,9070.28460757013,10827.671636033,11802.1118276833,12782.9938926475,12669.3026687222,11265.4376270005,9747.09180546291,10934.79494629,12110.0937461973
Seychelles,SYC,Population growth (annual %),SP.POP.GROW,0.892658566766174,0.0874745178458057,3.05738532610948,-1.13151642070391,-0.370334934558794,0.463308214458562,2.0805967352947,0.510514982843497,2.23628271543202,0.39253094807516,2.79232906929128,-2.62865635521684
Seychelles,SYC,Population density (people per sq. km of land area),EN.POP.DNST,176.371739130435,176.526086956522,182.00652173913,179.958695652174,179.29347826087,180.126086956522,183.913043478261,184.854347826087,189.034782608696,189.778260869565,195.152173913043,190.089130434783
Seychelles,SYC,Urban population (% of total population),SP.URB.TOTL.IN.ZS,43.3974230710038,43.2172985855685,43.0948464521927,43.0049328648162,42.9237756892027,42.8510349075107,42.7880431397027,42.7361330057413,42.696637125589,42.6708881192085,42.660307244583,42.6739844860866
Seychelles,SYC,"Fertility rate, total (births per woman)",SP.DYN.TFRT.IN,2.08,1.98,2.04,2.06,2.01,2.2,2.11,2.24,2.33,2.38,2.13,2.3
Seychelles,SYC,"Population, total",SP.POP.TOTL,81131,81202,83723,82781,82475,82858,84600,85033,86956,87298,89770,87441
Seychelles,SYC,"Life expectancy at birth, total (years)",SP.DYN.LE00.IN,72.7780487804878,73.2536585365854,71.0878048780488,71.0292682926829,72.6609756097561,72.1317073170732,72.2170731707317,73.1439024390244,73.1634146341463,73.0829268292683,73.1975609756098,72.7243902439024
Seychelles,SYC,Mobile cellular subscriptions (per 100 people),IT.CEL.SETS.P2,31.1589332437168,43.3574450984564,52.0994211304844,56.5629524094032,61.6736240301284,65.8772657002666,77.8329810894847,84.4863777495955,101.003814278151,118.199683855257,123.813585199693,130.476995382586
Seychelles,SYC,"Agriculture, forestry, and fishing, value added (annual % growth)",NV.AGR.TOTL.KD.ZG,7.06556746872793,-2.27123311296222,1.21268168335689,-5.88525406715698,-2.85424518065838,7.69885639663126,-5.35423361034269,1.6905764668617,6.42052539206783,-19.6555193417763,-6.97339819609613,5.58232519536941
Sierra Leone,SLE,GDP growth (annual %),NY.GDP.MKTP.KD.ZG,6.65273028404766,-6.34545563328469,26.5241350674409,9.48363126885343,6.47884588417347,4.3534998069981,4.28311062264335,3.74975804751641,3.68605969932123,1.53080323958716,6.35566595800495,8.10065518714917
Sierra Leone,SLE,GDP per capita (current US$),NY.GDP.PCAP.CD,143.743743239644,358.315716051546,388.995111216836,413.817607346927,417.749983329227,462.633324427945,580.26796974773,631.889926264998,705.359014080005,652.845806767943,685.039673490948,761.146365577281
Sierra Leone,SLE,Population growth (annual %),SP.POP.GROW,2.41540405213567,5.90551884410875,5.76970115082171,4.06499006251213,3.38061570413438,2.68947280362006,2.2066693720303,2.19611425557566,2.49702214618885,2.69336857329164,2.72150859888002,2.60978263924562
Sierra Leone,SLE,Population density (people per sq. km of land area),EN.POP.DNST,61.2858270989194,65.0140759213078,68.8755195344971,71.7329869770019,74.199459684123,76.2221113881962,77.9227763923524,79.65297866445,81.6669714602383,83.8964533111665,86.2110556940981,88.4905929620393
Sierra Leone,SLE,Urban population (% of total population),SP.URB.TOTL.IN.ZS,35.5327867241975,35.763651295501,36.0082791496616,36.2690511597053,36.5491283814755,36.8485519672439,37.1703805343647,37.5122859420526,37.8725951588418,38.2496351532666,38.6417328938613,39.0472153491602
Sierra Leone,SLE,"Fertility rate, total (births per woman)",SP.DYN.TFRT.IN,6.355,6.305,6.23,6.087,5.919,5.807,5.737,5.643,5.563,5.448,5.327,5.209
Sierra Leone,SLE,"Population, total",SP.POP.TOTL,4423611,4692716,4971435,5177687,5355717,5501712,5624466,5749352,5894722,6055646,6222714,6387251
Sierra Leone,SLE,"Life expectancy at birth, total (years)",SP.DYN.LE00.IN,44.834,45.448,46.174,46.784,47.485,48.306,49.547,50.024,50.693,51.312,51.927,52.594
Sierra Leone,SLE,Mobile cellular subscriptions (per 100 people),IT.CEL.SETS.P2,0.269915234409174,0.573122260115464,1.34769940671054,2.18657481612929,..,..,..,13.4971732466546,17.113614518208,19.1556771977754,32.1403169099528,33.4572729332228
Sierra Leone,SLE,"Agriculture, forestry, and fishing, value added (annual % growth)",NV.AGR.TOTL.KD.ZG,7.79846980315713,-37.5341238316299,31.7365741337449,9.47020358728972,8.79126915068188,6.82579770708207,5.96715076135882,6.48110590313873,5.24456188553198,3.01717771535597,3.40690923675847,3.82766872750354
"Somalia, Fed. Rep.",SOM,GDP growth (annual %),NY.GDP.MKTP.KD.ZG,7.11031431133236,7.1103143114324,7.63026729331047,7.63026729332455,7.11031431125608,7.1103143113146,6.48637073273908,6.69435192552552,6.69435192582009,6.69435192556188,6.69435192550543,6.69435192567755
"Somalia, Fed. Rep.",SOM,GDP per capita (current US$),NY.GDP.PCAP.CD,386.119274401275,244.914842538455,229.598918310039,286.273025198975,375.410326225387,439.979907805478,457.996662206659,479.635628065289,507.03744334738,246.513251675105,219.202453852397,235.325945610434
"Somalia, Fed. Rep.",SOM,Population growth (annual %),SP.POP.GROW,4.00097862828906,3.98983884745091,3.75080850397474,3.69115278037828,3.68380578936556,3.47204363776718,3.06479248294565,3.11334404047468,2.96295013077131,2.52395215945852,2.48169887268086,0.707617147612372
"Somalia, Fed. Rep.",SOM,Population density (people per sq. km of land area),EN.POP.DNST,14.089190869385,14.6626916823413,15.2231054930341,15.7955128000765,16.3882392323142,16.9672394554787,17.4953007938279,18.0485574010903,18.5913284662225,19.0665364873912,19.5456307584404,19.6844294959671
"Somalia, Fed. Rep.",SOM,Urban population (% of total population),SP.URB.TOTL.IN.ZS,33.0596136927225,33.5128183866634,33.9872055053711,34.4719665654476,34.9620706047618,35.4674928136211,35.9982083823331,36.5641925012053,37.1754203605454,37.8418671506609,38.5735080618592,39.380318284448
"Somalia, Fed. Rep.",SOM,"Fertility rate, total (births per woman)",SP.DYN.TFRT.IN,7.645,7.636,7.626,7.603,7.568,7.527,7.49,7.457,7.415,7.376,7.322,7.268
"Somalia, Fed. Rep.",SOM,"Population, total",SP.POP.TOTL,8838713,9198493,9550063,9909157,10280998,10644228,10975502,11322582,11663084,11961201,12261756,12348830
"Somalia, Fed. Rep.",SOM,"Life expectancy at birth, total (years)",SP.DYN.LE00.IN,50.747,50.829,50.82,50.721,50.685,50.894,50.915,50.885,51.456,52.101,48.9,32.453
"Somalia, Fed. Rep.",SOM,Mobile cellular subscriptions (per 100 people),IT.CEL.SETS.P2,0.905109148809335,0.924064409246167,1.04711351118836,2.01833516211319,4.86334108809281,4.6973815292194,5.01116030956944,5.29914466505961,5.37593658761268,5.35899363283001,5.28635539640489,14.5762796961332
"Somalia, Fed. Rep.",SOM,"Agriculture, forestry, and fishing, value added (annual % growth)",NV.AGR.TOTL.KD.ZG,..,..,..,..,..,..,..,..,..,..,..,..
South Africa,ZAF,GDP growth (annual %),NY.GDP.MKTP.KD.ZG,4.20000000067826,2.70000000019104,3.70037440406668,2.94907546754213,4.55455990721774,5.27705197295467,5.60380645895889,5.36047405394162,3.1910438863288,-1.53808913525583,3.03973288127956,3.16855627858818
South Africa,ZAF,GDP per capita (current US$),NY.GDP.PCAP.CD,3217.84693448467,2847.15191945908,2688.23676032806,4062.21755993786,5221.46333731721,5836.87663325127,6077.38293388876,6591.85535960564,6184.75474328399,6374.70560042992,7973.47195771517,8646.05571071635
South Africa,ZAF,Population growth (annual %),SP.POP.GROW,0.914659168313889,0.859492168208101,0.947036940076663,0.996556488051653,1.00742279739678,1.01260946155511,1.02172490694402,1.05506511201209,1.15309551684298,1.19390450655684,1.1829095702162,1.23631458705301
South Africa,ZAF,Population density (people per sq. km of land area),EN.POP.DNST,38.8756967743531,39.2112703921391,39.584379559637,39.9808324196886,40.3856440989539,40.796670486114,41.2156369271859,41.6527908069476,42.1358670832337,42.6419441261572,43.1493549530538,43.6861279872062
South Africa,ZAF,Urban population (% of total population),SP.URB.TOTL.IN.ZS,56.2589954883628,57.0014339378269,57.6723587528482,58.3724341232066,59.0977390950102,59.8241758378997,60.5276465215157,61.1840533154988,61.7692983894896,62.2592839131287,62.6299120560569,62.850627754452
South Africa,ZAF,"Fertility rate, total (births per woman)",SP.DYN.TFRT.IN,2.413,2.373,2.324,2.358,2.436,2.512,2.548,2.545,2.679,2.501,2.445,2.436
South Africa,ZAF,"Population, total",SP.POP.TOTL,47159719,47566800,48019415,48500348,48991421,49490033,49998277,50528584,51114599,51728516,52344051,52995205
South Africa,ZAF,"Life expectancy at birth, total (years)",SP.DYN.LE00.IN,58.368,57.161,55.58,54.245,53.963,53.914,54.22,54.948,55.982,57.413,58.886,60.602
South Africa,ZAF,Mobile cellular subscriptions (per 100 people),IT.CEL.SETS.P2,17.6824632903347,22.6775818427979,28.5342918067619,34.762637167057,42.5360187041727,68.6197925954101,79.3267335992398,83.7149918944889,88.0374704690533,89.7686684071896,96.2325212467793,120.765642853915
South Africa,ZAF,"Agriculture, forestry, and fishing, value added (annual % growth)",NV.AGR.TOTL.KD.ZG,4.69999992351329,-3.29999987413029,6.49999986271064,0.681069620914059,0.859440050849059,2.80978559803205,-5.4627802174919,2.97916197110852,19.4115080419277,-1.89228165615715,-0.30034138834165,1.99403013773801
South Sudan,SSD,GDP growth (annual %),NY.GDP.MKTP.KD.ZG,..,..,..,..,..,..,..,..,..,5.04164187983342,5.49341639529945,-4.64031673600859
South Sudan,SSD,GDP per capita (current US$),NY.GDP.PCAP.CD,..,..,..,..,..,..,..,..,1654.21153546555,1323.22068747862,1498.27034985194,1448.98435006408
South Sudan,SSD,Population growth (annual %),SP.POP.GROW,4.41687038815206,4.47577583092792,4.47049405409342,4.53889048481808,4.66850589649025,4.81908754947047,4.96525465188372,5.03930740277703,4.98590020248472,4.71716057220357,5.29254618151503,5.41366403885379
South Sudan,SSD,Population density (people per sq. km of land area),EN.POP.DNST,..,..,..,..,..,..,..,..,..,..,..,..
South Sudan,SSD,Urban population (% of total population),SP.URB.TOTL.IN.ZS,16.0428540117317,16.2559618671544,16.447645411794,16.6154472307377,16.7569099090725,16.8695760318857,16.9509881842643,16.9986889512954,17.0301141193955,17.2937284639317,17.535620199576,17.7817678106789
South Sudan,SSD,"Fertility rate, total (births per woman)",SP.DYN.TFRT.IN,6.803,6.654,6.515,6.353,6.19,6.022,5.853,5.704,5.569,5.446,5.318,5.193
South Sudan,SSD,"Population, total",SP.POP.TOTL,6032267,6308391,6596806,6903127,7233041,7590143,7976526,8388788,8817647,9243556,9745953,10288109
South Sudan,SSD,"Life expectancy at birth, total (years)",SP.DYN.LE00.IN,47.591,48.55,49.394,52.324,53.052,53.965,54.653,55.425,56.28,56.848,57.485,57.674
South Sudan,SSD,Mobile cellular subscriptions (per 100 people),IT.CEL.SETS.P2,..,..,..,..,..,..,..,..,..,..,15.3910038351303,17.4959266080871
South Sudan,SSD,"Agriculture, forestry, and fishing, value added (annual % growth)",NV.AGR.TOTL.KD.ZG,..,..,..,..,..,..,..,..,..,39.3299992489099,-0.670003086615651,-14.6399945114715
Sudan,SDN,GDP growth (annual %),NY.GDP.MKTP.KD.ZG,6.34586743997545,6.50036053396883,6.0064715363132,6.28880816146516,5.14088851762675,5.64351551343631,6.5314117467792,5.73527423664484,3.84674473121058,-2.76770436599138,3.85824195230107,-3.21353209253371
Sudan,SDN,GDP per capita (current US$),NY.GDP.PCAP.CD,362.116882324219,451.293304443359,506.262634277344,580.320251464844,705.113342285156,905.543640136719,1132.474609375,1444.37219238281,1527.58239746094,1178.22180175781,1305.63598632813,1332.6572265625
Sudan,SDN,Population growth (annual %),SP.POP.GROW,2.49754561643296,2.48541577821616,2.46596917532427,2.25738358789851,2.18560495236388,2.28355924873297,2.30819636827177,2.38350034195252,2.59050308685206,2.77210926299041,2.41578933319134,2.0304098222439
Sudan,SDN,Population density (people per sq. km of land area),EN.POP.DNST,..,..,..,..,..,..,..,..,..,..,..,..
Sudan,SDN,Urban population (% of total population),SP.URB.TOTL.IN.ZS,32.3435880462815,32.3760415318304,32.4038820246832,32.4271684741748,32.4459598296403,32.4603150404146,32.4702930558327,32.4759528252296,32.4816230749746,32.5774622972843,32.7174026591513,32.9059760141986
Sudan,SDN,"Fertility rate, total (births per woman)",SP.DYN.TFRT.IN,5.596,5.562,5.531,5.489,5.455,5.397,5.332,5.27,5.212,5.173,5.141,5.087
Sudan,SDN,"Population, total",SP.POP.TOTL,27816745,28516770,29228727,29896035,30556637,31262444,31992435,32764135,33623980,34569113,35414399,36140806
Sudan,SDN,"Life expectancy at birth, total (years)",SP.DYN.LE00.IN,58.946,59.264,59.308,58.319,56.773,57.226,60.4,61.442,61.261,62.676,62.979,63.181
Sudan,SDN,Mobile cellular subscriptions (per 100 people),IT.CEL.SETS.P2,0.0826840092181885,0.364157651795768,0.652707180849854,1.76355493295348,3.43152291268178,5.84707964610828,14.6382324446389,25.0825849667632,35.6634431735922,44.3745692867503,51.0900410875249,69.3293475524591
Sudan,SDN,"Agriculture, forestry, and fishing, value added (annual % growth)",NV.AGR.TOTL.KD.ZG,-3.4519398289617,4.61343483482719,2.18381112984815,10.5800808647578,-7.81422559173805,4.78549457665534,9.20804622562808,-5.36739948504658,4.96023440770202,-1.27560176613026,2.27560218367329,-2.04973570965265
Tanzania,TZA,GDP growth (annual %),NY.GDP.MKTP.KD.ZG,4.52078463603256,6.07080828734129,7.09319498355502,6.67278983053497,7.50381465859829,7.47631925974784,6.53222138847813,6.76853520293716,5.68641685905224,5.26910524873463,6.33652342666889,7.67215543486064
Tanzania,TZA,GDP per capita (current US$),NY.GDP.PCAP.CD,401.698150634766,396.638732910156,402.649047851563,422.18359375,450.385284423828,483.334869384766,475.746734619141,543.198303222656,675.977233886719,693.823547363281,736.530151367188,775.392761230469
Tanzania,TZA,Population growth (annual %),SP.POP.GROW,2.84152432501121,2.70152074754623,2.58850722069614,2.64525638066994,2.71326096371365,2.77513941065557,2.80055623798532,2.79133312179469,2.70285900109119,2.46693695085578,2.54448522649017,2.79985031213535
Tanzania,TZA,Population density (people per sq. km of land area),EN.POP.DNST,38.6770591555656,39.7361695642357,40.7781711447279,41.8712519756153,43.022881011515,44.2335470760894,45.489841950779,46.7775028223075,48.0590742831339,49.2594061864981,50.5288868819147,51.9636114247008
Tanzania,TZA,Urban population (% of total population),SP.URB.TOTL.IN.ZS,22.1944164040635,22.5963228653037,23.0306918214565,23.5202087261949,24.0832469119457,24.7061884538741,25.3741033202009,26.0720614791471,26.7851328989335,27.498387547781,28.1968953939105,28.865726405543
Tanzania,TZA,"Fertility rate, total (births per woman)",SP.DYN.TFRT.IN,5.67,5.617,5.57,5.578,5.597,5.579,5.511,5.403,5.324,5.26,5.225,5.141
Tanzania,TZA,"Population, total",SP.POP.TOTL,34260139,35198299,36121304,37089555,38109668,39182076,40294902,41435512,42570728,43633982,44758488,46029367
Tanzania,TZA,"Life expectancy at birth, total (years)",SP.DYN.LE00.IN,53.244,54.124,54.94,55.929,56.836,57.675,58.512,59.26,59.896,60.494,61.127,61.618
Tanzania,TZA,Mobile cellular subscriptions (per 100 people),IT.CEL.SETS.P2,0.322584797452223,0.782878740816424,1.68005839434811,3.49963756642537,5.09581977990467,7.56468340268647,13.9198750253816,19.9152842614808,30.5533722608643,40.036423904653,46.8823991552172,55.7610427273527
Tanzania,TZA,"Agriculture, forestry, and fishing, value added (annual % growth)",NV.AGR.TOTL.KD.ZG,3.83626014787184,5.20421456568188,4.766061146908,3.00733618420972,4.59517698223651,5.15331708984219,3.43981959443123,3.73599702849572,7.22258569766565,4.21300802639051,3.20096346359027,2.48486174150067
Togo,TGO,GDP growth (annual %),NY.GDP.MKTP.KD.ZG,-0.783479610048047,0.823438752111855,3.82662257675142,6.72017142336034,-0.978665332738743,-4.66629938413338,2.65013209943473,-1.1751368996605,4.03561315398862,5.45381096920332,5.85433399076879,5.82325622135289
Togo,TGO,GDP per capita (current US$),NY.GDP.PCAP.CD,440.420399069497,426.883605884489,479.438373869587,579.728195854724,604.311329116751,595.200212014134,596.249203137762,654.083697666439,771.351190404751,770.172869777254,750.323421086121,834.14671980279
Togo,TGO,Population growth (annual %),SP.POP.GROW,2.49694541999729,2.48616573955035,2.47686827426846,2.49455979585183,2.43812237847062,2.465585096448,2.85028115220356,3.15943065724402,3.21297180409526,3.22903074698961,3.12855507905751,2.72570995210441
Togo,TGO,Population density (people per sq. km of land area),EN.POP.DNST,87.9522338665196,90.1662805662806,92.4274682846111,94.7621253906968,97.1009376723662,99.5248023533738,102.402353373782,105.689336275051,109.140246368818,112.721934179077,116.304247104247,119.51796286082
Togo,TGO,Urban population (% of total population),SP.URB.TOTL.IN.ZS,33.0994844063309,33.5503635916513,34.0011370438307,34.4513989657696,34.9007435603688,35.3487650305291,35.795057579151,36.2392154091353,36.6808327233827,37.1195037247939,37.5545882975638,37.9872305648732
Togo,TGO,"Fertility rate, total (births per woman)",SP.DYN.TFRT.IN,5.1652,5.12801,5.09187,5.047961,4.994707,5.037823,5.076201,5.102,5.100197,5.104276,5.087324,4.984234
Togo,TGO,"Population, total",SP.POP.TOTL,4783722,4904144,5027130,5154112,5281320,5413154,5569664,5748443,5936138,6130946,6325788,6500582
Togo,TGO,"Life expectancy at birth, total (years)",SP.DYN.LE00.IN,54.587,54.757,55.044,55.312,55.608,55.931,56.154,56.395,56.663,56.94,57.24,57.624
Togo,TGO,Mobile cellular subscriptions (per 100 people),IT.CEL.SETS.P2,0.97275564358778,1.80013499117555,3.05061225424761,4.38771023998378,5.83805025815816,7.41937343863111,11.7790568369439,19.2348550759298,24.3301576494957,33.384906435038,38.6520343582485,38.9697843149559
Togo,TGO,"Agriculture, forestry, and fishing, value added (annual % growth)",NV.AGR.TOTL.KD.ZG,-4.73537901220334,5.59065173706392,0.318576667690749,-1.63006923118787,3.36749968927121,10.047188173635,-5.25443528382162,2.11891475655131,-3.85263437468039,12.5557503609087,4.88587073897158,-0.596360680811799
Uganda,UGA,GDP growth (annual %),NY.GDP.MKTP.KD.ZG,3.141907338187,5.18366112490236,8.73268576440127,6.47325867166543,6.80723334361883,6.33256511623156,10.7847443857453,8.41242596551071,8.70875190154499,6.80151734860395,5.63761163749757,9.3916554927176
Uganda,UGA,GDP per capita (current US$),NY.GDP.PCAP.CD,258.050338731086,236.021188853993,241.984688408335,250.71543664681,292.38185796262,330.405402707025,346.518255310647,401.389130865581,472.842681495852,798.947089938247,823.488144282,835.620060555838
Uganda,UGA,Population growth (annual %),SP.POP.GROW,3.14418360294887,3.05906863525199,3.13158750187579,3.15822372497188,2.99944519470383,2.93492118829227,2.92745935131587,2.94106654284048,2.9444861420196,2.94129171098808,2.9438913354304,2.93194913680129
Uganda,UGA,Population density (people per sq. km of land area),EN.POP.DNST,120.11485911616,123.846033732045,127.785746459136,131.885911616035,135.901681597518,139.949396927081,144.106916570742,148.408137730844,152.842965817527,157.405290025524,161.534021543986,166.340230400958
Uganda,UGA,Urban population (% of total population),SP.URB.TOTL.IN.ZS,11.6414758125187,11.9013889740088,12.202793574555,12.5904136719317,13.1221118400615,13.7907239496723,14.5851520274647,15.494298100139,16.5070641943955,17.6123523369348,18.7990645544572,20.0561028736631
Uganda,UGA,"Fertility rate, total (births per woman)",SP.DYN.TFRT.IN,6.788,6.757,6.735,6.671,6.612,6.525,6.429,6.326,6.202,6.124,6.019,5.885
Uganda,UGA,"Population, total",SP.POP.TOTL,24000150,24745676,25532870,26352124,27154515,27963289,28794003,29653430,30539553,31451151,32390802,33354543
Uganda,UGA,"Life expectancy at birth, total (years)",SP.DYN.LE00.IN,49.64,50.576,51.443,52.414,53.699,54.926,56.118,57.248,58.253,59.157,59.959,60.791
Uganda,UGA,Mobile cellular subscriptions (per 100 people),IT.CEL.SETS.P2,0.528800861661281,1.14573552163214,1.54040654262525,2.94537548472374,4.29039148738249,4.70366701141629,6.97651521394924,14.147698933985,28.0124073852685,29.8359001233373,39.6046507276973,50.0591238800663
Uganda,UGA,"Agriculture, forestry, and fishing, value added (annual % growth)",NV.AGR.TOTL.KD.ZG,-0.438331712731468,7.85668405154654,7.06671054515471,2.13993652592144,1.58861574665043,2.04935439759328,0.458586003829637,0.119237785309338,1.34584248588574,3.30392895747273,2.59956720583673,2.78281441827339
Zambia,ZMB,GDP growth (annual %),NY.GDP.MKTP.KD.ZG,3.89732294341896,5.31686827418419,4.50601428032604,6.94497398221223,7.03239511515218,7.23559900655543,7.90369444480079,8.35243624447406,7.77389581542363,9.2203484058663,10.2982233241213,5.56925219263019
Zambia,ZMB,GDP per capita (current US$),NY.GDP.PCAP.CD,359.429500988221,396.548952993504,393.864625518616,446.290104839041,548.685974566277,710.982068171696,1051.71714895686,1118.73162626953,1375.50211006997,1136.24168316848,1451.10616017155,1624.86817763443
Zambia,ZMB,Population growth (annual %),SP.POP.GROW,2.8105009556372,3.02394158044151,3.07812350873629,3.10355045228564,3.17745831747123,3.30186320062968,3.44488603404196,3.52770643018252,3.56663855229215,3.53891846603377,3.46192274224024,3.32527568350911
Zambia,ZMB,Population density (people per sq. km of land area),EN.POP.DNST,13.475606343911,13.8893245806373,14.3235031410162,14.7750104252142,15.2520184559921,15.7640256123973,16.3165404431052,16.9024132689436,17.5161409219925,18.1471219682804,18.7863624746096,19.4215633785765
Zambia,ZMB,Urban population (% of total population),SP.URB.TOTL.IN.ZS,35.8735460960387,35.8846482932758,36.0706035730014,36.3858560115875,36.8035881130253,37.2969823813059,37.8392213204204,38.4034874343601,38.9629632271162,39.4908312026796,39.9558857709992,40.3684491825881
Zambia,ZMB,"Fertility rate, total (births per woman)",SP.DYN.TFRT.IN,5.921,5.848,5.774,5.71,5.698,5.697,5.679,5.613,5.53,5.453,5.359,5.256
Zambia,ZMB,"Population, total",SP.POP.TOTL,10017631,10325185,10647949,10983595,11338198,11718819,12129553,12565085,13021324,13490389,13965594,14437796
Zambia,ZMB,"Life expectancy at birth, total (years)",SP.DYN.LE00.IN,46.577,47.408,48.461,49.616,50.54,51.615,52.693,53.73,54.835,55.886,56.896,57.843
Zambia,ZMB,Mobile cellular subscriptions (per 100 people),IT.CEL.SETS.P2,0.986790190215631,1.17382884665021,1.30627973518656,2.19418141328044,4.095483250513,8.10285575705197,13.7130197625584,21.0028503587521,27.1785188664379,32.6653441943001,39.0029310604332,56.5498570557445
Zambia,ZMB,"Agriculture, forestry, and fishing, value added (annual % growth)",NV.AGR.TOTL.KD.ZG,0.164657562907422,-4.11076445239678,-3.52605288948293,2.7548961556046,1.59545724478872,-3.55211706854061,-1.42545251274272,-3.8260339683069,-2.65512426969423,0.63309544598502,-5.97800914269838,7.77876106098066
Zimbabwe,ZWE,GDP growth (annual %),NY.GDP.MKTP.KD.ZG,-3.05911780575599,1.43951727721958,-8.89401285792752,-16.9950733355763,-5.80753964196205,-5.71112541241364,-3.46140290336963,-3.653250914872,-17.6689987958491,13.2720546167979,19.6754077019323,14.1939156801139
Zimbabwe,ZWE,GDP per capita (current US$),NY.GDP.PCAP.CD,562.833757496076,566.388746448872,524.936478570323,468.471932927213,469.719298949304,461.271387547912,431.034994414964,413.521244592925,340.917447588572,735.821693871697,902.010759067388,1037.77565157218
Zimbabwe,ZWE,Population growth (annual %),SP.POP.GROW,0.917384654947152,0.669179057812887,0.962219774230462,1.18973560223894,1.08604865181957,0.945996419158278,1.21827740248004,1.3177052771271,1.20398732561507,1.40712940970909,1.61334322032425,1.7726514046574
Zimbabwe,ZWE,Population density (people per sq. km of land area),EN.POP.DNST,30.74073930464,30.947139718237,31.2463564689156,31.6203257076386,31.9656094093318,32.2694377665762,32.6649735039421,33.0982499676877,33.4991572961096,33.9738658394727,34.5264262634096,35.1439162466072
Zimbabwe,ZWE,Urban population (% of total population),SP.URB.TOTL.IN.ZS,32.3991568853313,32.4999278382836,32.5631884166934,32.6003372313948,32.6278168233873,32.6482709722903,32.6640794641194,32.67762208489,32.6912786206175,32.7074288573175,32.7284525810054,32.7567295776968
Zimbabwe,ZWE,"Fertility rate, total (births per woman)",SP.DYN.TFRT.IN,4.009,3.983,3.925,3.862,3.776,3.693,3.635,3.677,3.783,3.95,4.04,4.126
Zimbabwe,ZWE,"Population, total",SP.POP.TOTL,11892055,11971901,12087653,12232323,12365896,12483432,12636445,12804058,12959149,13142790,13356548,13595424
Zimbabwe,ZWE,"Life expectancy at birth, total (years)",SP.DYN.LE00.IN,46.034,44.525,45.938,45.373,46.043,46.57,47.056,47.576,48.456,49.75,51.925,53.911
Zimbabwe,ZWE,Mobile cellular subscriptions (per 100 people),IT.CEL.SETS.P2,2.24049586047155,2.62282489639699,2.80268634448722,2.97286950320066,3.44289649532877,5.18375075059487,6.71981716376718,9.57238712914296,12.7687473922863,30.3664594808256,57.6496262357609,67.6698277302716
Zimbabwe,ZWE,"Agriculture, forestry, and fishing, value added (annual % growth)",NV.AGR.TOTL.KD.ZG,2.0003060123952,13.9997747358822,-23.9999207803784,-15.0004334195023,-8.99999966791079,-4.99988844655482,-4.00028307608366,-6.99894344883988,-39.2999447310892,14.7999215002538,7.22319060290508,1.40559038596844
,,,,,,,,,,,,,,,
,,,,,,,,,,,,,,,
,,,,,,,,,,,,,,,
Data from database: World Development Indicators,,,,,,,,,,,,,,,
Last Updated: 07/13/2026,,,,,,,,,,,,,,,
